Animal,Strain.x,Diet.x,Type,Unassigned.Other.Other.Other.Other.Other,k__Bacteria.Other.Other.Other.Other.Other,k__Bacteria.p__Actinobacteria.c__Actinobacteria.o__Bifidobacteriales.f__Bifidobacteriaceae.g__Bifidobacterium,k__Bacteria.p__Bacteroidetes.c__Bacteroidia.o__Bacteroidales.f__S24.7.g__,k__Bacteria.p__Firmicutes.c__Bacilli.Other.Other.Other,k__Bacteria.p__Firmicutes.c__Bacilli.o__.f__.g__,k__Bacteria.p__Firmicutes.c__Bacilli.o__Bacillales.f__Staphylococcaceae.Other,k__Bacteria.p__Firmicutes.c__Bacilli.o__Exiguobacterales.f__Exiguobacteraceae.g__Exiguobacterium,k__Bacteria.p__Firmicutes.c__Bacilli.o__Lactobacillales.Other.Other,k__Bacteria.p__Firmicutes.c__Bacilli.o__Lactobacillales.f__Aerococcaceae.g__Aerococcus,k__Bacteria.p__Firmicutes.c__Bacilli.o__Lactobacillales.f__Enterococcaceae.Other,k__Bacteria.p__Firmicutes.c__Bacilli.o__Lactobacillales.f__Enterococcaceae.g__Enterococcus,k__Bacteria.p__Firmicutes.c__Bacilli.o__Lactobacillales.f__Lactobacillaceae.g__Lactobacillus,k__Bacteria.p__Firmicutes.c__Bacilli.o__Lactobacillales.f__Streptococcaceae.g__Lactococcus,k__Bacteria.p__Firmicutes.c__Bacilli.o__Lactobacillales.f__Streptococcaceae.g__Streptococcus,k__Bacteria.p__Firmicutes.c__Bacilli.o__Turicibacterales.f__Turicibacteraceae.g__Turicibacter,k__Bacteria.p__Firmicutes.c__Clostridia.Other.Other.Other,k__Bacteria.p__Firmicutes.c__Clostridia.o__.f__.g__,k__Bacteria.p__Firmicutes.c__Clostridia.o__Clostridiales.Other.Other,k__Bacteria.p__Firmicutes.c__Clostridia.o__Clostridiales.f__.g__,k__Bacteria.p__Firmicutes.c__Clostridia.o__Clostridiales.f__Clostridiaceae.Other,k__Bacteria.p__Firmicutes.c__Clostridia.o__Clostridiales.f__Clostridiaceae.g__,k__Bacteria.p__Firmicutes.c__Clostridia.o__Clostridiales.f__Dehalobacteriaceae.g__Dehalobacterium,k__Bacteria.p__Firmicutes.c__Clostridia.o__Clostridiales.f__Lachnospiraceae.Other,k__Bacteria.p__Firmicutes.c__Clostridia.o__Clostridiales.f__Lachnospiraceae.g__,k__Bacteria.p__Firmicutes.c__Clostridia.o__Clostridiales.f__Lachnospiraceae.g__Anaerostipes,k__Bacteria.p__Firmicutes.c__Clostridia.o__Clostridiales.f__Lachnospiraceae.g__Blautia,k__Bacteria.p__Firmicutes.c__Clostridia.o__Clostridiales.f__Lachnospiraceae.g__Butyrivibrio,k__Bacteria.p__Firmicutes.c__Clostridia.o__Clostridiales.f__Lachnospiraceae.g__Coprococcus,k__Bacteria.p__Firmicutes.c__Clostridia.o__Clostridiales.f__Lachnospiraceae.g__Dorea,k__Bacteria.p__Firmicutes.c__Clostridia.o__Clostridiales.f__Lachnospiraceae.g__Roseburia,k__Bacteria.p__Firmicutes.c__Clostridia.o__Clostridiales.f__Lachnospiraceae.g__.Ruminococcus.,k__Bacteria.p__Firmicutes.c__Clostridia.o__Clostridiales.f__Peptococcaceae.g__rc4.4,k__Bacteria.p__Firmicutes.c__Clostridia.o__Clostridiales.f__Peptostreptococcaceae.g__,k__Bacteria.p__Firmicutes.c__Clostridia.o__Clostridiales.f__Ruminococcaceae.Other,k__Bacteria.p__Firmicutes.c__Clostridia.o__Clostridiales.f__Ruminococcaceae.g__,k__Bacteria.p__Firmicutes.c__Clostridia.o__Clostridiales.f__Ruminococcaceae.g__Anaerotruncus,k__Bacteria.p__Firmicutes.c__Clostridia.o__Clostridiales.f__Ruminococcaceae.g__Oscillospira,k__Bacteria.p__Firmicutes.c__Clostridia.o__Clostridiales.f__Ruminococcaceae.g__Ruminococcus,k__Bacteria.p__Firmicutes.c__Clostridia.o__Coriobacteriales.f__.g__,k__Bacteria.p__Firmicutes.c__Clostridia.o__Coriobacteriales.f__Coriobacteriaceae.g__,k__Bacteria.p__Firmicutes.c__Clostridia.o__Coriobacteriales.f__Coriobacteriaceae.g__Adlercreutzia,k__Bacteria.p__Firmicutes.c__Erysipelotrichi.o__Erysipelotrichales.f__Erysipelotrichaceae.g__,k__Bacteria.p__Firmicutes.c__Erysipelotrichi.o__Erysipelotrichales.f__Erysipelotrichaceae.g__Allobaculum,k__Bacteria.p__Firmicutes.c__Erysipelotrichi.o__Erysipelotrichales.f__Erysipelotrichaceae.g__.Eubacterium.,k__Bacteria.p__Firmicutes.c__Erysipelotrichi.o__Erysipelotrichales.f__.Coprobacillaceae..g__,k__Bacteria.p__Firmicutes.c__Erysipelotrichi.o__Erysipelotrichales.f__.Coprobacillaceae..g__Coprobacillus,k__Bacteria.p__Proteobacteria.c__Deltaproteobacteria.o__Desulfovibrionales.f__Desulfovibrionaceae.g__Bilophila,k__Bacteria.p__Proteobacteria.c__Gammaproteobacteria.o__Enterobacteriales.f__Enterobacteriaceae.Other,k__Bacteria.p__Proteobacteria.c__Gammaproteobacteria.o__Enterobacteriales.f__Enterobacteriaceae.g__,k__Bacteria.p__Proteobacteria.c__Gammaproteobacteria.o__Enterobacteriales.f__Enterobacteriaceae.g__Enterobacter,k__Bacteria.p__Proteobacteria.c__Gammaproteobacteria.o__Pseudomonadales.f__Moraxellaceae.g__Acinetobacter,k__Bacteria.p__Tenericutes.c__Mollicutes.o__Anaeroplasmatales.f__Anaeroplasmataceae.g__Anaeroplasma,k__Bacteria.p__Tenericutes.c__Mollicutes.o__RF39.f__.g__,k__Bacteria.p__Verrucomicrobia.c__Verrucomicrobiae.o__Verrucomicrobiales.f__Verrucomicrobiaceae.g__Akkermansia,ALT,Cholesterol,TG,Insulin,Animal.Weight,Fasting.Glucose,GF,Liver,Cecum,Weight.Gain,Food.Intake
1,AJ,NF,Cecum,0.000412222,0,0,0.482867007,0,7.73E-05,0,0,0.000644097,0,0,0,0,0.003297779,0,0,0,0.009584171,0.001210903,0.005796877,0,0.000154583,0.000154583,0.01017674,0.374607101,0,0.000103056,7.73E-05,5.15E-05,0.000257639,0,0.003710002,0,0,0.001082084,0.006312155,0.000154583,0.032462514,0.064255166,0.001468542,0,0.000206111,0.000103056,0,0,5.15E-05,0,0,0,0.000515278,2.58E-05,0,0,0.000180347,0,15,39,41,0.27,20.6,218,0.47,0.85,NA,2.19,59.77
1,AJ,NF,Week0,0.000168407,0.000147356,0,0.43554227,0,0,0,0,2.11E-05,0,0,0,0.219181543,0,0,0,6.32E-05,0.002841866,0.000147356,0.025218929,0,0.000526271,0.000105254,0.002926069,0.241748063,0,0,0,4.21E-05,4.21E-05,0,0.000926238,0,0,0.000526271,0.006904682,2.11E-05,0.023640115,0.017240653,0.003620748,0,0.000505221,0.000568373,2.11E-05,0,0.002168238,0.001494611,0,0,0,0,0,0.007683563,0.005957393,0,15,39,41,0.27,20.6,218,0.47,0.85,NA,2.19,59.77
1,AJ,NF,Week2,0.000421312,0,0,0.600077781,0,0,3.24E-05,0,4.86E-05,0,0,0,6.48E-05,0.004585818,3.24E-05,0,0,0.004521001,0.000162043,0.013757454,0,0.00162043,0.000437516,0.006368291,0.27466295,0,0.000162043,3.24E-05,1.62E-05,3.24E-05,0,0.006092818,0,0,0.001425979,0.003791807,0.000421312,0.023642079,0.055548354,0.000307882,0,0.000178247,0.000550946,0,0,0.000826419,0,0,0,4.86E-05,3.24E-05,0,0,9.72E-05,0,15,39,41,0.27,20.6,218,0.47,0.85,NA,2.19,59.77
1,AJ,NF,Week4,0.0003314,0,0,0.322708443,0,7.53E-05,0,0,0.000903819,0,1.51E-05,6.03E-05,7.53E-05,0.01955261,0.000105446,0,0,0.011960533,0.000512164,0.029630188,0,0.001024328,0.000361527,0.012578143,0.382360473,0,0.000150636,6.03E-05,4.52E-05,0.000135573,0,0.003193493,0,1.51E-05,0.003449574,0.007787904,0.0004971,0.065797997,0.131385102,0.000738119,0,0.000873691,9.04E-05,0,0,0.003133238,0,0,0,0.000301273,1.51E-05,0,0,7.53E-05,0,15,39,41,0.27,20.6,218,0.47,0.85,NA,2.19,59.77
10,AJ,HF,Week2,0.000718345,0,0,0.683553125,0,0.000114363,1.43E-05,0,0.001647547,0,1.79E-05,5.00E-05,0,0.020496051,7.15E-05,0,0,0.007833887,0.000117937,0.002555305,0,0.00146528,0.00013938,0.005199957,0.140759801,0,0.00015725,7.15E-06,0,4.29E-05,0,0.007944677,0,3.57E-06,0.000464601,0.001007827,0.000486044,0.025492298,0.043986991,0.000253744,0,0.000439584,0.006933276,0,0,0.042393052,0.00526786,0,3.57E-06,0.000307351,2.86E-05,0,0,2.14E-05,3.57E-06,11,45,27,0.52,19.5,121,0.4,0.8,NA,1.8,65.79
10,AJ,HF,Week4,0.000217533,0,0,0.530187672,0,0,1.98E-05,0,7.91E-05,0,3.96E-05,0,0,0.025965551,0.000118654,0,0,0.013645263,0.00013843,0.01356616,0,9.89E-05,7.91E-05,0.008009176,0.306088951,0,0.00013843,0.000118654,0,1.98E-05,0,0.00264995,0,0,0.000533945,0.001957799,0.000316412,0.039571262,0.052385943,0.000969011,0,0.000177982,0.000553721,0,0,0.002214883,9.89E-05,0,0,1.98E-05,1.98E-05,0,0,0,0,11,45,27,0.52,19.5,121,0.4,0.8,NA,1.8,65.79
11,AJ,HF,Cecum,0.000449377,0,0,0.455922877,0,3.39E-05,1.70E-05,0,0.000305237,0,0,0,0.000390026,0.001924691,1.70E-05,0,0,0.015236432,0.000406983,0.009318218,0,0.000220449,4.24E-05,0.012073834,0.391712806,0,1.70E-05,7.63E-05,0,0.00021197,0,0.003857861,0,0,0.000966585,0.001661848,0.000118703,0.033262394,0.069611077,0.000559602,0,0.000161097,8.48E-05,0,0,0.001025937,0,0,0,0.00028828,8.48E-06,0,0,1.70E-05,0,19,40,25,0.49,24.45,68,0.73,1.08,NA,1.8,73.33
11,AJ,HF,Week0,0.00022658,0.000185384,0,0.299909368,0,0,0,0,4.12E-05,0,0,0,0.195909203,0,0,0,0.000123589,0.004346214,2.06E-05,0.057777869,0,0.002945538,0.000123589,0.003728269,0.303596441,0,8.24E-05,0,0,0,0,0.001071105,0,0,0.000700338,0.009722337,0,0.03186537,0.047313999,0.001338881,0,0.00090632,0.004428607,0,0,0.008342259,0.001359479,0,0,0,4.12E-05,0,0.013327017,0.010566862,0,19,40,25,0.49,24.45,68,0.73,1.08,NA,1.8,73.33
11,AJ,HF,Week2,0.000712933,0,0,0.648705016,0,0,5.32E-05,0,0.000234097,0,0,0,0,0.007852902,3.19E-05,0,5.32E-05,0.009885292,0.000106408,0.00363915,0,0.001425866,8.51E-05,0.006852668,0.213794718,0,0.000170253,1.06E-05,0,9.58E-05,0,0.005107578,0,0,0.000659729,0.004128626,0.000170253,0.015067356,0.04022218,0.00040435,0,0.000255379,0.003990296,2.13E-05,0,0.034891145,0.000521399,0,0,0.000148971,0,3.19E-05,0,0.00067037,0,19,40,25,0.49,24.45,68,0.73,1.08,NA,1.8,73.33
11,AJ,HF,Week4,0.000342898,0,0,0.282906529,0,6.23E-05,6.23E-05,0,0.000701383,0,0,9.35E-05,0,0.010364875,9.35E-05,0,0,0.030237379,0.000202622,0.000592279,0,0.001075453,0.00042083,0.012250814,0.435667638,0,4.68E-05,9.35E-05,0,0.000311726,0,0.004192709,0,1.56E-05,0.000763728,0.003849811,0.000155863,0.051995823,0.150766066,0.00067021,0,0.000935177,0.003241946,0,0,0.006998239,0.000155863,0,1.56E-05,0.000639037,1.56E-05,0,1.56E-05,4.68E-05,0,19,40,25,0.49,24.45,68,0.73,1.08,NA,1.8,73.33
12,AJ,HF,Cecum,0.000351364,0,0,0.375926515,0,0,1.67E-05,0,5.02E-05,0,0,0,0,0.001890675,0,0,0,0.017149932,6.69E-05,0.017250322,0,0.000401559,0.000133853,0.008215236,0.470644336,0,0.00010039,3.35E-05,0,1.67E-05,0,0.00092024,0,0,0.000652534,0.002476283,8.37E-05,0.029012666,0.072498201,0.000635802,0,0.000133853,0,0,0,0.001338531,0,0,0,0,0,0,0,0,0,15,56,28,0.44,24.31,207,0.7,1.02,NA,9.5,75.71
12,AJ,HF,Week2,0.000523692,0,0,0.523149136,0,7.76E-05,0,0,0.000271544,0,7.76E-05,0,0.000368524,0.081288671,0.0004849,0,3.88E-05,0.018406812,9.70E-05,0.000135772,0,0.002870609,0.000116376,0.009251896,0.201233586,0,0.000562484,3.88E-05,0.000174564,0.000116376,0,0.013228078,0,1.94E-05,0.001027988,0.010473844,0.000252148,0.026727699,0.044843571,0.001241345,0,0.001027988,0.003336113,0,0,0.055608356,0.000737048,0,0,5.82E-05,0,0,0,0.002133561,0,15,56,28,0.44,24.31,207,0.7,1.02,NA,9.5,75.71
12,AJ,HF,Week4,0.000244433,0,0,0.628241793,0,0,2.44E-05,0,2.44E-05,0,0,4.89E-05,0.005426413,0.011708342,2.44E-05,0,0,0.012979394,0.00029332,0.003862042,0,0.001344382,9.78E-05,0.006330816,0.25073941,0,2.44E-05,2.44E-05,4.89E-05,0.000122217,0,0.00303097,0,0,0.000317763,0.001271052,0.00014666,0.024052211,0.047811102,0.000684413,0,0.000195546,0,2.44E-05,0,0.00036665,2.44E-05,0,2.44E-05,0.000342206,0,0,0,9.78E-05,0,15,56,28,0.44,24.31,207,0.7,1.02,NA,9.5,75.71
13,AJ,HF,Cecum,0.000488679,0,0,0.560907601,0,5.75E-05,2.87E-05,0,0.001303144,0,0,0.000124565,0.023734465,0.00098694,2.87E-05,0,0,0.007100218,0.000287458,0.010156856,0,0.000182057,0.000258712,0.005250903,0.321339938,0,0,0,0,9.58E-06,0,0.00103485,0,0,0.000881538,0.002769181,0.000124565,0.022555887,0.039180552,0.000306622,0,3.83E-05,0.000258712,0,0,2.87E-05,2.87E-05,0,0,0.000287458,4.79E-05,2.87E-05,0,0.000172475,9.58E-06,10,34,25,0.34,17.85,117,0.36,0.78,NA,2,59.56
13,AJ,HF,Week0,7.58E-05,0,0,0.416344624,0,0,0,0,0,0,0,0,0.389842388,0,0,0,1.89E-05,0.001117678,0,0.015780102,0,0.00035993,5.68E-05,0.000681973,0.156115026,0,0,0,0,0,0,0.00015155,0,0,7.58E-05,0.00087141,0,0.00312571,0.003883458,0.000492536,0,0.000303099,0.000587255,0,0,0.004432826,0.000170493,0,0,0,0,0,0.005493673,1.89E-05,0,10,34,25,0.34,17.85,117,0.36,0.78,NA,2,59.56
13,AJ,HF,Week2,0.000277823,0,0,0.626420948,0,0,0,0,0.000196791,0,0,0,1.16E-05,0.005255481,2.32E-05,0,0,0.007153937,0.000115759,0.004005279,0,0.003912671,0.000196791,0.002187855,0.285405042,0,0.000150487,0,0,3.47E-05,0,0.00328757,0,0,0.000775589,0.002928715,0.000555646,0.020165305,0.033570254,0.000162063,0,0.000289399,0.000601949,0,0,0.00177112,0.000254671,0,0,0,0,0,0,0.000277823,1.16E-05,10,34,25,0.34,17.85,117,0.36,0.78,NA,2,59.56
13,AJ,HF,Week4,0.000106099,0,0,0.632670654,0,1.33E-05,1.33E-05,0,0.000159149,0,0,0,1.33E-05,0.009296959,7.96E-05,0,0,0.008461426,0.000119362,0.008182915,0,0.001100781,9.28E-05,0.004721423,0.271402236,0,6.63E-05,0,0,0,0,0.001379292,0,0,0.000251986,0.004031777,0.000159149,0.026498322,0.030105702,0.000305036,0,0.000305036,1.33E-05,0,0,0.000225461,0.000145887,0,0,2.65E-05,0,0,0,5.30E-05,0,10,34,25,0.34,17.85,117,0.36,0.78,NA,2,59.56
14,AJ,HF,Cecum,0.000625295,0,0,0.454894844,0,4.58E-05,0,0,0.000228767,0,0,0,0,0.00150986,0,0,1.53E-05,0.015129101,0.000350776,0.053028108,0,0.000213516,0.00013726,0.0041178,0.330491543,0,1.53E-05,4.58E-05,0,3.05E-05,0,0.001128582,0,0,0.000716802,0.002394424,6.10E-05,0.038127774,0.090835608,0.000884564,0,0.000152511,0.000457533,0,0,0.003660266,0,0,0,0.000579542,0.000106758,0,0,1.53E-05,0,23,41,33,0.38,20.66,122,0.5,0.97,0.11,2.2,66.63
14,AJ,HF,Week0,0.000107767,8.08E-05,0,0.206185845,0,0,0,0,5.39E-05,0,0,5.39E-05,0.280976372,0,0,0,0.000107767,0.003286904,5.39E-05,0.031252526,0,0.00029636,5.39E-05,0.002343939,0.405016569,0,0,0,0,0.000134709,8.08E-05,0.000215535,0,2.69E-05,0.000538837,0.006439098,0,0.026618531,0.028773877,0.001535684,0,8.08E-05,0.002047579,0,0,0.000969906,0.000134709,0,0,0.000350244,0,0,0.000107767,0.002074521,0,23,41,33,0.38,20.66,122,0.5,0.97,0.11,2.2,66.63
14,AJ,HF,Week4,0.000150684,0,0,0.478030257,0,0.000934241,0,0,0.068274968,0,0.000452052,0.009342415,0.182508589,0.010382135,4.52E-05,0,0,0.004219155,0.000150684,0.00843831,0,0.000391779,6.03E-05,0.002486288,0.150382738,0,0,0,0,1.51E-05,0,0.001024652,0,0,0.000195889,0.002772588,3.01E-05,0.008182147,0.014390332,0.000226026,0,7.53E-05,0.000150684,0,0,0.000105479,4.52E-05,0,0.000301368,0.052664095,0.003541076,1.51E-05,0,1.51E-05,0,23,41,33,0.38,20.66,122,0.5,0.97,0.11,2.2,66.63
15,AJ,HF,Cecum,0.000183436,0,0,0.311877465,0,0,9.17E-05,0,0,0,0,0,0,0.002237916,5.50E-05,0,0,0.031569293,0.000275154,0,0,0.000366872,0.000165092,0.013794369,0.498816839,0,0,5.50E-05,0.000110061,0.000238466,0,0.00174264,0,0,0.000642025,0.009190131,0.000293497,0.051949005,0.073135834,0.000807117,0,0.000165092,1.83E-05,3.67E-05,0,0.000807117,3.67E-05,0,0,0.000330184,0.000220123,0,0,0.000788774,0,16,40,44,0.45,21.64,203,0.56,0.88,0.12,2.5,69.49
15,AJ,HF,Week0,0.000403304,5.26E-05,0,0.375650985,0,0,0,0,0,0,0,0,0.249416963,0,0,0,0.000263024,0.00298094,1.75E-05,0.048186011,0,0.003121219,0.000210419,0.002752985,0.253257115,0,0,0,1.75E-05,0.00010521,0,0.000981957,0,0,0.000298094,0.00720686,1.75E-05,0.013431763,0.019130618,0.003243964,0,0.002682846,0.002121728,0,0,0.011274965,0.001911308,0,0,1.75E-05,1.75E-05,0,0.000683863,0.000543583,0,16,40,44,0.45,21.64,203,0.56,0.88,0.12,2.5,69.49
15,AJ,HF,Week2,0.000690244,0,0,0.507015386,0,5.02E-05,0,0,0.000200798,0,0,2.51E-05,0.000175698,0.014080972,8.78E-05,0,0,0.017118044,2.51E-05,0.01755729,0,0.003413569,8.78E-05,0.00661379,0.261414121,0,0.000489446,0.000150599,2.51E-05,3.76E-05,0,0.009286915,0,0,0.000790643,0.00223388,0.000188248,0.041364424,0.076014658,0.000527095,0,0.00110439,0.004091263,0,0,0.03187671,0.000589845,0,0,3.76E-05,0,0,0,0.002635476,0,16,40,44,0.45,21.64,203,0.56,0.88,0.12,2.5,69.49
15,AJ,HF,Week4,0.000271429,1.81E-05,0,0.211208223,0,1.81E-05,0,0,0.000325715,0,0,0,1.81E-05,0.014295279,5.43E-05,1.81E-05,0,0.032897237,0.000560954,0.006803829,0,0.001248575,0.000144762,0.008486691,0.494978557,0,1.81E-05,0.000180953,1.81E-05,0.000108572,0,0.002660008,0,0,0.001809529,0.003293343,0.000524763,0.066373523,0.129254655,0.002696198,0,0.000343811,0.002298102,1.81E-05,0,0.018565767,0.000108572,0,0,0.000162858,0,0,0,0.000217143,0,16,40,44,0.45,21.64,203,0.56,0.88,0.12,2.5,69.49
16,AJ,HF,Cecum,0.018066697,0,0.000737902,0.330627693,0,0,0,0,0,0,0,0,0.001642427,0.001832853,0,0,4.76E-05,0.002927805,0.000190426,0.00535574,0,0.00014282,9.52E-05,0.004855871,0.134821832,0,4.76E-05,0,0,2.38E-05,0,0.001618624,0.004974888,0.001071148,7.14E-05,0.007188593,2.38E-05,0.013258432,0.035514508,7.14E-05,0,2.38E-05,0,0.336102449,0,0.002213706,0.000119016,0,0,0,0,0,0,0.000285639,0.096046274,66,37,36,0.29,17.86,123,0.24,0.67,0.08,1.6,65.01
16,AJ,HF,Week0,6.94E-05,8.68E-05,3.47E-05,0.407201735,0,0,0,0,0,0,0,0,0.244477223,1.74E-05,0,0,0.000277657,0.002498915,5.21E-05,0.029032538,0,0.002099783,0.000190889,0.00445987,0.229726681,0,3.47E-05,0,0,0,5.21E-05,0.00189154,0,0,0.000121475,0.007930586,1.74E-05,0.012355748,0.025180043,0.00072885,0,0.002238612,0.001197397,0,0,0.000190889,0.003262473,0,0,1.74E-05,0,0,0.021049892,0.003488069,1.74E-05,66,37,36,0.29,17.86,123,0.24,0.67,0.08,1.6,65.01
16,AJ,HF,Week2,0.000619491,0,0,0.638195433,0,0,0.000184761,0,0,0,0,0,0,0.006499223,0,0,0,0.008662008,5.43E-05,0.009879254,0,0.002412755,0.000195629,0.004673354,0.261946941,0,8.69E-05,1.09E-05,2.17E-05,0,0,0.005977546,0,1.09E-05,0.000630359,0.002706198,0.000228234,0.018932519,0.027061982,0.000217365,0,0.000163024,0.00244536,0,0,0.006586169,0.000923803,0,0,0.000434731,6.52E-05,0,0,0.000173892,0,66,37,36,0.29,17.86,123,0.24,0.67,0.08,1.6,65.01
16,AJ,HF,Week4,0.000127162,0,0,0.381688708,0,0,0,0,0,0,0,0,2.54E-05,0.002848423,7.63E-05,0,0,0.016174975,0.000279756,0.000178026,0,0.000228891,0.000254323,0.008087487,0.473219736,0,0,7.63E-05,0,5.09E-05,0,0.002568667,0,0,0.000610376,0.004170905,0.000305188,0.035198372,0.071795524,0.001144456,0,0.000203459,5.09E-05,0,0,0.000381485,0,0,5.09E-05,0.000101729,0,0,0,0.000101729,0,66,37,36,0.29,17.86,123,0.24,0.67,0.08,1.6,65.01
17,C57,NF,Week0,0.074527836,0.000632638,0.068155166,0.609832119,0.000154302,0,0,0,1.54E-05,0,0,1.54E-05,0.044654981,0,0,0.001465868,6.17E-05,0.000925812,0.000123442,0.003487224,0,0.000246883,6.17E-05,0.000910381,0.033252068,0.002221948,1.54E-05,0,0,1.54E-05,0,0.000154302,0.004382175,1.54E-05,0,0.008471176,0,0.002746574,0.007684237,7.72E-05,0,0.000632638,0.000231453,0.101993581,0,3.09E-05,0.000138872,0,0,0,0,0,0.005369707,0.005971485,0.021324528,7,49,26,0.36,25.4,119,0.54,1.14,NA,1.9,64.51
17,C57,NF,Week2,0.320397077,4.78E-05,0.000545121,0.083479974,0,0,2.87E-05,0,0,0,0,9.56E-06,0.001855323,0.029790368,0.000143453,0.00135802,9.56E-05,0.004198386,0.001788378,0.002151792,0,0.001071114,0.00016258,0.007564745,0.045828392,0,0.000564248,0,1.91E-05,6.69E-05,0,0.004743506,0.033720975,0.075073639,7.65E-05,0.017922038,2.87E-05,0.010605945,0.025142496,0.000258215,0,0.000698137,0.000344287,0.20700241,0,0.01752037,0.00048774,0,0,0,0,0,0,0.003347232,0.101861061,7,49,26,0.36,25.4,119,0.54,1.14,NA,1.9,64.51
17,C57,NF,Week4,0.09127194,1.71E-05,0.014754294,0.176846845,1.71E-05,0,0,0,0,0,0,0,0.018472717,0.009671312,3.41E-05,0.000409368,1.71E-05,0.004178962,0.000699336,0.001654528,0,0.000699336,0.000187627,0.003547853,0.060211166,0,0.000204684,0,0,1.71E-05,0,0.003121429,0.016016511,0.007453903,8.53E-05,0.017705153,1.71E-05,0.011581694,0.025619595,0.000238798,0,0.001603357,0,0.375185495,0,0.013099766,0.000494653,0,0,0,0,0,5.12E-05,0.002575605,0.142238218,7,49,26,0.36,25.4,119,0.54,1.14,NA,1.9,64.51
18,C57,NF,Cecum,0.047963443,0,0,0.296454775,0.00013953,0,0,0,3.49E-05,0,0,0,0.002685953,0.012546074,4.65E-05,0.006336988,3.49E-05,0.012534446,0.000639513,0.00358127,0,0.000406963,0.000116275,0.008906666,0.291013104,0,0.000162785,0,2.33E-05,0.000174413,0,0.004383568,0.012301896,0.007174168,0.000732533,0.012336779,9.30E-05,0.033173261,0.08139251,0.000406963,0,0.000220923,0.000127903,0.00032557,0,0.000627885,0.00041859,0,0,0,0,0,0,0.000104648,0.162378057,12,47,31,0.47,23.6,112,0.48,1.04,0.23,2.3,64.42
18,C57,NF,Week0,0.061699725,0.000334028,0.082886637,0.552068587,0.000159061,0,0,0,0,0,0,0,0.016717301,1.59E-05,0,0.004358269,1.59E-05,0.001145239,0.002051886,0.009464124,7.95E-05,0.000540807,4.77E-05,0.002719941,0.095913725,0.004421893,6.36E-05,0,0,1.59E-05,0,0.001177051,0.014506354,0,4.77E-05,0.009432312,0,0.006457873,0.011850037,0.000413558,0,0.000668056,0.000477183,0.106427651,0,0,0.000127249,0,0,0,0,0,0.006696464,0.004215114,0.002783566,12,47,31,0.47,23.6,112,0.48,1.04,0.23,2.3,64.42
18,C57,NF,Week4,0.382095047,1.61E-05,0,0.125002019,0.001582508,0,3.23E-05,0,6.46E-05,0,0,3.23E-05,0.020459573,0.037043616,0.00016148,0.0656741,9.69E-05,0.0041339,0.003051981,0.000613626,4.84E-05,0.00066207,0.000258369,0.004699081,0.0557592,0,0.000452145,0,0,0.000113036,0,0.007428101,0.025917613,0.033797859,6.46E-05,0.00644307,0,0.013289841,0.026079093,0.000791254,0,0.000371405,0.00058133,0.008719944,0,0,0.001340288,0,0,0,0,8.07E-05,0,0.000355257,0.172687196,12,47,31,0.47,23.6,112,0.48,1.04,0.23,2.3,64.42
19,C57,NF,Cecum,0.000959442,0,0,0.420392499,3.49E-05,0,0,0,0.000139555,0,0,3.49E-05,5.23E-05,0.011966856,0.000122111,0.00491932,0,0.006332316,0.000645443,0.00174444,0,0.000104666,0.000174444,0.009210641,0.209786306,0,0.000209333,0,0,0,0,0.003802878,0.020148277,0.027998256,0.00043611,0.012769298,0.000191888,0.023881378,0.074662015,0.000645443,0,0.000104666,1.74E-05,0,0,0.000488443,3.49E-05,0,0,0,0,0,0,5.23E-05,0.1679372,20,60,27,1.54,23.24,103,0.65,0.98,0.24,3,63.46
19,C57,NF,Week0,0.036329692,0.000456368,0.001936108,0.670004149,0,0,0,0,0,0,0,0,0.001023372,0,0,0.000497856,5.53E-05,0.001797815,0.001120177,0.00676255,0.000165952,0.000484027,4.15E-05,0.002240354,0.126317245,0.005974277,0,0,0,2.77E-05,0,0.00125847,0.010178399,1.38E-05,5.53E-05,0.023413083,1.38E-05,0.008726317,0.015903748,0.000248928,0,0.000304246,0.000442539,0.043866685,0,0.000484027,0.000359563,0,0,0,0,0,0.008823123,0.019831282,0.010842207,20,60,27,1.54,23.24,103,0.65,0.98,0.24,3,63.46
19,C57,NF,Week2,0.563067201,0,9.72E-06,0.045594847,1.46E-05,0,0,0,9.24E-05,0,0,4.86E-06,0.005128205,0.005449022,2.43E-05,0.001292988,4.86E-06,0.002678333,0.001283266,0.00085065,1.94E-05,0.000777737,2.92E-05,0.002367238,0.053629846,0,0.000106939,0,0,9.72E-06,0,0.001779074,0.01835946,0.026938875,9.24E-05,0.01325556,4.37E-05,0.007339895,0.021402358,0.000145826,0,0.000354843,0.000179852,0.000140965,0,0.003956738,0.00051039,0,0,0,0,0,0,0.000374286,0.222690485,20,60,27,1.54,23.24,103,0.65,0.98,0.24,3,63.46
2,AJ,NF,Cecum,0.000150639,0,0,0.351177811,0,7.53E-05,0,0,0.000451918,0,0,0,0.000188299,0.001788841,0,0,0,0.011542734,0.001600542,0.001374583,0,0.000150639,3.77E-05,0.011184966,0.466755795,0,5.65E-05,0,0,0.000282449,0,0.005818442,0,0,0.001562882,0.002862146,0.000301279,0.036605344,0.100589376,0.001675862,0,0.000282449,9.41E-05,0,0,0.0020148,0,0,0,0.001223944,0.000131809,0,0,0,1.88E-05,12,34,44,0.46,21,96,0.44,0.92,NA,1.4,59.98
2,AJ,NF,Week0,4.35E-05,0.000152383,0,0.159065677,0,0,0,0,0,0,0,0,0.091451336,0,0,0,0.000457148,0.00557285,0.000130614,0.042601824,0,0.001327906,0.000130614,0.003853103,0.541023576,0,0,0,0,2.18E-05,0.00019592,0.000761913,0,0,0.000587761,0.037181357,0,0.035766376,0.04950258,0.000304765,0,0.00102314,0.000631299,0,0,0.000130614,0.000435379,0,0,0,0,0,0.001197292,0.026449267,0,12,34,44,0.46,21,96,0.44,0.92,NA,1.4,59.98
2,AJ,NF,Week4,0.000318839,0,0,0.317639378,0,3.04E-05,0,0,6.07E-05,0,0,0,0,0.015243532,0.000151828,0,0,0.013649338,0.00027329,0.016594801,0,0.00086542,6.07E-05,0.008046884,0.464077493,0,0.000182194,7.59E-05,0,0.000318839,0,0.003325033,0,0,0.002095227,0.009261509,0.000151828,0.055098385,0.088045063,0.003188388,0,0.000425118,0.000227742,0,0,0.000288473,0,0,0,0.00010628,3.04E-05,9.11E-05,1.52E-05,6.07E-05,0,12,34,44,0.46,21,96,0.44,0.92,NA,1.4,59.98
20,C57,NF,Cecum,0.010845814,0,7.99E-05,0.33843202,0,0,0,0,0,0,0,0,0.004210414,0.001439002,0,0.000106593,0,0.006155732,0.000373075,0.003277727,0,7.99E-05,0.000133241,0.003784043,0.134520066,0,0,0,0,0,0,0.001279113,0.014709801,0.004396951,0.000106593,0.011725204,7.99E-05,0.024196557,0.045168683,0.000373075,0,2.66E-05,0,0.279646112,0,0.000239834,0.000186537,0,0,0,0,0,0,0.000159889,0.114267441,9,49,23,0.35,22.1,117,0.43,0.84,0.25,3,64.41
20,C57,NF,Week0,0.022586639,0.000324728,0.029315726,0.581353394,0.000108243,0,0,0,0,0,0,0,0.027439519,0,0,0.003355523,0.000342768,0.00243546,0.000902022,0.019916653,3.61E-05,0.000775739,9.02E-05,0.003355523,0.19225704,0.002669986,1.80E-05,0,0,0,0,0.001064386,0.012447908,5.41E-05,0.000198445,0.015550865,1.80E-05,0.018076528,0.019195035,0.000252566,0,0.000523173,0.001154589,0.033699554,0,9.02E-05,0.001190669,0,0,0,0,0,0.002453501,0.006350237,0.00039689,9,49,23,0.35,22.1,117,0.43,0.84,0.25,3,64.41
20,C57,NF,Week4,0.000383704,0,0,0.142083286,4.51E-05,0,2.26E-05,0,0.000157996,0,0,0,2.26E-05,0.006477824,2.26E-05,0.001128541,0,0.009795734,0.000767408,0.002460219,0,0.001173682,0.000473987,0.016566979,0.319038483,0,0.000225708,0,2.26E-05,0.000293421,0,0.006545537,0.030876876,0.013294211,0.000767408,0.035458752,0.000654554,0.046225031,0.156934883,0.000767408,0,0.000112854,0.000925403,0,0,0.000496558,0.000248279,0,0,0,0,0,0,0.000586841,0.204943009,9,49,23,0.35,22.1,117,0.43,0.84,0.25,3,64.41
21,C57,NF,Week0,0.016847031,0.000116993,0.022418836,0.70425563,0.002062006,0,0,0,0,0,0,2.92E-05,0.031909915,0,0,0.025987131,1.46E-05,0.000628839,0.000804329,0.00383153,2.92E-05,5.85E-05,2.92E-05,0.000628839,0.040128693,0.003568295,2.92E-05,0,0,0,0,4.39E-05,0.010222287,0,4.39E-05,0.033694063,0,0.00826265,0.010485522,0.000102369,0,1.46E-05,0.000102369,0.021424393,0,2.92E-05,2.92E-05,0,0,0,0,0,0.000658087,0.012123428,0.049385785,35,44,29,0.37,24.51,102,0.47,0.97,0.24,5.7,68.56
21,C57,NF,Week2,0.0765721,0,0.002590049,0.421078786,0,0,1.51E-05,0,1.51E-05,0,0,3.01E-05,0.001551018,0.001987712,0,0.003373088,0,0.002936393,4.52E-05,0.000511987,0,0.00019576,6.02E-05,0.002138297,0.08384532,0,0.000225876,0,0,0.000180701,0,0.001882303,0.012498494,0.000346344,0,0.016248042,0.000105409,0.015073485,0.041380557,0.000210818,0,0.000150584,0,0.203364053,0,0.000496928,9.04E-05,0,0,0,0,0,0,0.000210818,0.110589086,35,44,29,0.37,24.51,102,0.47,0.97,0.24,5.7,68.56
22,C57,NF,Cecum,0.127925429,0,0.000612263,0.224887856,0,0,0,0,0,2.50E-05,0,0,0.008434232,0.004198373,2.50E-05,0.000287389,0,0.006122627,0.000274893,0.001536904,3.75E-05,0.000187427,0.000112456,0.002848896,0.103384938,0,0,0,0,6.25E-05,0,0.000937137,0,0.003411178,0.000187427,0.00596019,1.25E-05,0.025365171,0.072634354,0.000324874,0,0.000112456,1.25E-05,0.230785571,0,0.000187427,6.25E-05,0.062100936,0,0,0,0,0,1.00E-04,0.116842224,9,51,25,0.2,21.79,119,0.34,1.06,0.2,1.9,66.79
22,C57,NF,Week0,0.054771305,0.000186234,0.121945769,0.718060936,1.86E-05,0,3.72E-05,0,0,0,0,0,0.047638558,0,0,0.000204857,0,0.000763558,0,0.00243966,0,0.00022348,5.59E-05,0.000838051,0.018604738,0.000391091,0,0,0,0,0,1.86E-05,0.007039631,0,1.86E-05,0.004953814,0,0.00204857,0.004301996,0,0,0.000186234,0.000558701,0.004991061,0,0,0.000204857,0,0,0,0,0,0.001899583,0.003706049,0.003892282,9,51,25,0.2,21.79,119,0.34,1.06,0.2,1.9,66.79
22,C57,NF,Week2,0.523253156,7.62E-05,0.000101598,0.032943029,0,0,0,0,0.000101598,0,0,0,0.00683244,0.009042188,2.54E-05,0.002362145,0,0.003962307,0.000990577,0.005943461,0,0.000736583,0.000101598,0.004724289,0.039851667,0,0.000711183,0,0,7.62E-05,0,0.006299053,0.025577201,0.029793503,0.000101598,0.018058977,0.000126997,0.010642351,0.032384242,7.62E-05,0,0.000177796,0.000279393,0.001346168,0,2.54E-05,0.000304793,0,0,0,0,0,0,0.000507988,0.242462726,9,51,25,0.2,21.79,119,0.34,1.06,0.2,1.9,66.79
22,C57,NF,Week4,0.903381297,0,0.006681461,0.002099888,4.77E-05,0,2.39E-05,0,0,0,0,0,0.001670365,0.005369031,0,0.0042475,0,0.000835183,0,7.16E-05,0,0.000238624,7.16E-05,0.001073806,0.006299664,0,4.77E-05,0,0,2.39E-05,0,0.001193118,0.006514425,0.003269144,0,0.001837402,0,0.002600997,0.004295225,0,0,7.16E-05,0,0.019304651,0,2.39E-05,0.000119312,0,0,0,0,0,0,0.000644284,0.027942826,9,51,25,0.2,21.79,119,0.34,1.06,0.2,1.9,66.79
23,C57,NF,Week0,0.104696069,0.000405499,0.127770912,0.487931567,9.65E-05,0,0,0,0,0,0,0,0.01216498,0,0,0.001293736,0,0.000502047,5.79E-05,0.002104735,0,1.93E-05,1.93E-05,0.001177879,0.015891712,0.000405499,0,0,0,0,0,0.000135166,0.003707423,0,1.93E-05,0.009809222,0,0.00229783,0.004344636,1.93E-05,0,0.000135166,9.65E-05,0.21535877,0,7.72E-05,0,0,0,0,0,0,0.00150614,0.002510234,0.005445277,6,64,24,0.33,23.31,105,0.41,0.85,0.22,0.6,59.64
23,C57,NF,Week2,0.106527891,4.80E-05,0.002494124,0.097822438,0,0,0,0,0,0,0,0,0.002398197,0.003069692,4.80E-05,0.002949782,2.40E-05,0.001918557,0.000311766,0.00256607,0,0.000335748,9.59E-05,0.005899564,0.066214207,0,2.40E-05,0,0,2.40E-05,0,0.002494124,0.031152573,0.000527603,7.19E-05,0.011295506,0,0.014844837,0.032591491,0.000215838,0,0.000527603,0.000911315,0.440500743,0,0.001606792,0.000191856,0,0,0,0,0,0,0.001366972,0.168928965,6,64,24,0.33,23.31,105,0.41,0.85,0.22,0.6,59.64
24,C57,NF,Cecum,0.003368169,0.000110174,7.87E-05,0.381484513,0,0,0,0,6.30E-05,0,0,0,4.72E-05,0.003509821,0,0.000220348,0,0.006421556,0.001133216,0.002046084,7.87E-05,0.000157391,0.000220348,0.005791992,0.139322589,0,6.30E-05,0,0,6.30E-05,0,0.001148955,0.018509192,0.014716066,0.00017313,0.015172501,4.72E-05,0.024427096,0.06144548,0.000204608,0,0.000220348,0,0.117996097,0,7.87E-05,0.000330521,0,0,0,0,0,0,0.00034626,0.201004155,11,59,27,0.62,25.42,106,0.51,1.08,0.24,2.5,67.45
24,C57,NF,Week0,0.008624943,7.31E-05,1.83E-05,0.698218365,0,0,0,0,0,0,0,0,0.177268159,0,0,0,3.65E-05,0.000895386,0,0.00412974,0,0.000201005,3.65E-05,0.003179534,0.037350388,0.001936958,1.83E-05,0,0,1.83E-05,0,0.000219278,0.009447236,0,3.65E-05,0.012042028,0,0.003015075,0.007144815,7.31E-05,0,0,0.000310644,0,0,0,0.000950206,0,0,0,0,0,0.003051622,0.018437643,0.013266332,11,59,27,0.62,25.42,106,0.51,1.08,0.24,2.5,67.45
24,C57,NF,Week2,0.897204814,0,0.006405635,0.083772392,0,0,0,0,0,0,0,0,0.004935944,0.001358771,2.77E-05,0,0,2.77E-05,0,0,0,5.55E-05,0,0.00024957,0.001053741,0,0,0,0,0,0,0.00024957,0.00038822,0,0,0.00047141,0,0.00030503,0.000720981,0,0,8.32E-05,0,0,0,0.00016638,0.00011092,0,0,0,0,0,0,0.00016638,0.002246132,11,59,27,0.62,25.42,106,0.51,1.08,0.24,2.5,67.45
25,C57,HF,Cecum,0.038613081,5.50E-05,0,0.374585372,0,0,1.83E-05,0,5.50E-05,0,0,0,0.000274891,0.013689593,0,0.000549783,0,0.005974307,0.002950501,0.000788022,9.16E-05,0.000641413,7.33E-05,0.007678634,0.223065223,0,7.33E-05,0,0,1.83E-05,0,0.003152088,0.019682226,0.046365019,7.33E-05,0.009071417,0.000128283,0.03608408,0.054941631,0.001612696,0,0.00032987,1.83E-05,3.67E-05,0,0.000513131,0.000201587,0,0,0,0,0,0,0.000531457,0.158062565,9,65,24,0.39,24.7,222,0.7,1.01,0.13,1.8,66.56
25,C57,HF,Week0,0.048932241,0,0.054042423,0.577629951,0.000448262,0,0,0,0,0,0,3.59E-05,0.035161643,0,0,0.008642484,0,0.000842732,0,0.005074322,0,0.00037654,0,0.001237202,0.069121945,0.00539707,1.79E-05,0,0,1.79E-05,0,0.000215166,0.004213659,0,1.79E-05,0.015958114,0,0.009556938,0.010453461,1.79E-05,0,0.000143444,5.38E-05,0.143120977,0,0,0.000251027,0,0,0,0,0,8.97E-05,0.002384752,0.00654462,9,65,24,0.39,24.7,222,0.7,1.01,0.13,1.8,66.56
25,C57,HF,Week2,0.134024142,0.000233031,0.010657304,0.282713729,0.000248567,1.55E-05,6.21E-05,0,6.21E-05,0,3.11E-05,3.11E-05,0.004629558,0.062126179,0.00017089,0.022246734,0.000201961,0.002749771,0.001180693,0.000124283,9.32E-05,0.000730165,9.32E-05,0.013702248,0.04115335,0,0.000869984,0,0,0.00017089,0,0.003604219,0.004955802,0.044679892,7.77E-05,0.01848716,4.66E-05,0.008855194,0.019698923,0.000403921,0,0.002159425,0.00234585,0.266510277,0,7.77E-05,0.001165157,0,0,0,0,0,0,0.001103015,0.04750734,9,65,24,0.39,24.7,222,0.7,1.01,0.13,1.8,66.56
25,C57,HF,Week4,0.032018549,1.34E-05,0.012571536,0.350796778,8.04E-05,4.02E-05,6.70E-05,0,0.00026805,0,5.36E-05,4.02E-05,0.008792034,0.026376101,8.04E-05,0.00339083,0,0.002104191,0.001434066,0.000442282,0,0.000603112,0.000187635,0.003377428,0.035878466,0,0.000134025,0,0,0,0,0.002305228,0.008537386,0.04450967,0.000120622,0.018817096,0,0.008054897,0.016994358,0.000241245,0,0.002613486,6.70E-05,0.328870304,0,0.000723734,0.000804149,0,0,1.34E-05,0,0,0,0.000187635,0.088389423,9,65,24,0.39,24.7,222,0.7,1.01,0.13,1.8,66.56
26,C57,HF,Cecum,0.000985428,4.19E-05,0,0.508460006,2.10E-05,0,0,0,2.10E-05,0,0,0,0,0.002830485,0,0.002872418,4.19E-05,0.003753014,0.002306321,0.001530559,0.000314498,0.000922529,0.000125799,0.005807737,0.18257679,0,0,0,8.39E-05,0,0,0.001467659,0.023230947,0.019897264,0.000230632,0.02119719,4.19E-05,0.026271098,0.046252228,0.001048328,0,4.19E-05,8.39E-05,6.29E-05,0,2.10E-05,0.000104833,0,0,0,0,0,0,0.000566097,0.146786875,6,54,21,0.16,24.3,113,0.49,1.23,0.21,0.9,67.2
26,C57,HF,Week0,0.016356672,0.000172539,0.00735015,0.568308085,6.90E-05,0,0,0,0,0,0,0,0.023327237,0,0,0.001897926,1.73E-05,0.002208496,0.000966217,0.02106698,0.000155285,0.00031057,0.000103523,0.001984195,0.169225991,0.001259533,0.000120777,0,0,1.73E-05,0,0.001086994,0.006073363,0.000103523,0.000345077,0.031177749,0,0.030004486,0.03951137,0.000327824,0,0.000414093,0.0002243,0.015649263,0,6.90E-05,0.000258808,0,0,0,0,0,0.009851962,0.046188619,0.003795852,6,54,21,0.16,24.3,113,0.49,1.23,0.21,0.9,67.2
26,C57,HF,Week2,0.218702666,0.000132351,5.88E-05,0.346789018,5.88E-05,0,4.41E-05,0,0,0,0,0,0.000926457,0.059528536,0.000382347,0.007132248,0.000235291,0.00464699,0.005999912,0.000117645,0.00033823,0.002514669,5.88E-05,0.02208791,0.075925354,0,0.002441141,0,0,0.000485287,0,0.008749871,0.003808768,0.084513463,0.00010294,0.014499787,0.000132351,0.012749813,0.027264305,0.002529375,0,0.001058808,0.000661755,0.004294054,0,0.000279408,0.001029397,0,0,0,0,0,0,0.000602932,0.089116337,6,54,21,0.16,24.3,113,0.49,1.23,0.21,0.9,67.2
26,C57,HF,Week4,0.085240373,2.63E-05,0,0.389589344,0,0,1.32E-05,0,3.95E-05,0,0,0,0.000144922,0.04562402,0.00022397,0.004729721,0.000118572,0.005190836,0.010065478,0.000368892,0.000395241,0.001857634,0.000197621,0.027456095,0.119692239,0,0.001409694,0,2.63E-05,0.000434765,0,0.008128796,0.013227409,0.10352687,0.000197621,0.019986035,6.59E-05,0.018233798,0.029379603,0.004453052,0,0.001304296,0.000197621,2.63E-05,0,0.001883984,0.002990659,0,0,0,0,0,0,0.000237145,0.103316074,6,54,21,0.16,24.3,113,0.49,1.23,0.21,0.9,67.2
27,C57,HF,Cecum,0.000500111,0.000111136,0,0.463464103,0,0,0,0,2.78E-05,0,0,0,0,0.000472327,0,0.000111136,8.34E-05,0.00372305,0.000500111,0.00105579,0,0.000166704,0.00027784,0.010502334,0.106023561,0,0.000194488,0,0,5.56E-05,0,0.00105579,0.015697933,0.010863525,0.000194488,0.031201378,5.56E-05,0.031451434,0.053400756,0.000388975,0,5.56E-05,0.000805735,0,0,0,0.000194488,0,0,0,0,0,0,0.000333407,0.267031563,7,49,19,0.3,23,86,0.46,0.84,0.17,2.4,68.73
27,C57,HF,Week0,0.024619777,2.53E-05,0.029407306,0.754888586,0.000720024,0,0,0,0,0,0,0,0.01026982,0,0,0.019566975,0,0.001212672,0.002387449,0.004838058,6.32E-05,0.000265272,5.05E-05,0.002008489,0.079051084,0.001970593,0.000101056,0,0,0,0,0.000265272,0.004004345,0.000846344,3.79E-05,0.017735334,1.26E-05,0.004673842,0.006922338,0.000290536,0,0.00056844,0.00037896,0.008577131,0,0.000720024,0.00101056,0,0,0,0,0,0.00101056,0.002753777,0.018745895,7,49,19,0.3,23,86,0.46,0.84,0.17,2.4,68.73
27,C57,HF,Week2,0.002634155,0.000532589,0,0.438896246,0,1.44E-05,0,0,0.000273491,0,4.32E-05,0.000129549,5.76E-05,0.023995279,0.000115154,0.001928835,1.44E-05,0.005340281,0.004548595,0.000187126,7.20E-05,0.000719714,0.00010076,0.010738139,0.103437356,0,0.000287886,0,0,0.00010076,0,0.002303086,0.032905343,0.075109397,0.000489406,0.050221672,0.000129549,0.030861354,0.045673077,0.001367457,0,0.000359857,0.00090684,4.32E-05,0,1.44E-05,0.000331069,0,0,0,0,0,0,0.041613888,0.123502994,7,49,19,0.3,23,86,0.46,0.84,0.17,2.4,68.73
27,C57,HF,Week4,0.000763107,2.99E-05,0,0.394062724,0.000239406,1.50E-05,2.99E-05,0,0.000882811,0,0,0.000149629,0.000194518,0.013511492,7.48E-05,0.03109289,0,0.002813024,0.016294589,0.000643404,0.000314221,0.001990065,1.50E-05,0.005311827,0.14150407,0,0.00056859,0,0,8.98E-05,0,0.003531243,0.00734678,0.162706488,2.99E-05,0.017775916,4.49E-05,0.009142327,0.019691166,0.010114915,0,0.000299258,0.000314221,1.50E-05,0,1.50E-05,0.000179555,0,0,0,0,0,0,0.00046385,0.157738808,7,49,19,0.3,23,86,0.46,0.84,0.17,2.4,68.73
28,C57,HF,Cecum,0.041668887,0,0,0.382302268,0,0,1.78E-05,0,0.00021314,0,0,0,0.000550612,0.004902222,0,0.000195378,0,0.005150885,0.000674944,7.10E-05,0,0.000124332,7.10E-05,0.004635797,0.208983855,0,1.78E-05,0,0,0.00010657,0,0.001278841,0.021900144,0.021136392,0.000230902,0.032628195,7.10E-05,0.02950214,0.055931511,0.00010657,0,0.000124332,0,0.005506119,0,0,0.000195378,0,0,0,0,0,0,0.000355233,0.18134669,11,55,21,0.26,24.42,96,0.51,0.88,0.16,2.2,74.05
28,C57,HF,Week0,0.050437427,0.000240051,0.056171983,0.631641417,4.00E-05,0,0.000373413,0,2.67E-05,0,0,0,0.000186706,0,0,0.004707671,0,0.000813507,8.00E-05,0.009815427,6.67E-05,0.000240051,1.33E-05,0.001747039,0.043035848,0.00073349,0,0,0,0,0,0.000840179,0.012149259,5.33E-05,0.000133362,0.005921263,0,0.008601835,0.009962125,4.00E-05,0,0.000560119,0.00045343,0.138562893,0,2.67E-05,8.00E-05,0,0,0,0,0,0.001720367,0.003894164,0.016630214,11,55,21,0.26,24.42,96,0.51,0.88,0.16,2.2,74.05
28,C57,HF,Week2,0.029137256,7.22E-05,0,0.244724063,9.03E-05,0,5.42E-05,0,0.000541585,0,1.81E-05,1.81E-05,0.000397162,0.045890275,0.000162475,0.008232087,7.22E-05,0.005740798,0.008214034,0.002094127,3.61E-05,0.002076075,0.000180528,0.016301699,0.109454263,0,0.00128175,0,0,0.000379109,0,0.004314625,0.0233423,0.175617858,0.000180528,0.062246132,0.000162475,0.02366725,0.050114635,0.003267561,0,0.000379109,0.004838156,0,0,1.81E-05,0.003014821,0,0,0,0,0,0,0.006914231,0.166753922,11,55,21,0.26,24.42,96,0.51,0.88,0.16,2.2,74.05
28,C57,HF,Week4,0.000731741,0.000204207,0,0.390119801,5.11E-05,0,5.11E-05,0,0.000493499,0,5.11E-05,3.40E-05,1.70E-05,0.056207882,0.000391396,0.001395412,8.51E-05,0.004662719,0.001769791,0.00336941,0,0.001293309,8.51E-05,0.019280512,0.095330474,0,0.000765775,0,1.70E-05,0.00030631,0,0.00532639,0.05469335,0.030545912,0.000119121,0.0618576,0,0.027567899,0.05377442,0.000272276,0,0.000476482,0.005003063,0,0,1.70E-05,0.000374379,0,0,0,0,0,0,0.002501532,0.180756926,11,55,21,0.26,24.42,96,0.51,0.88,0.16,2.2,74.05
29,C57,HF,Cecum,0.016167691,0,0,0.426657079,2.18E-05,0,6.54E-05,0,0.000261472,0,0,0,4.36E-05,0.004510394,6.54E-05,0.003464505,4.36E-05,0.00464113,0.0026583,0.000522944,0.000174315,0.000827995,0.000261472,0.007844163,0.277835883,0,0.000152525,0,0,0,0,0.003050508,0.026561206,0.049004227,0.000283261,0.01058962,6.54E-05,0.013138972,0.030548656,0.000588312,0,0.000196104,0.000152525,0.000762627,0,0.000283261,0.000108947,6.54E-05,0,0,0,0,0,0.000196104,0.118185384,14,67,17,0.41,25.24,111,0.69,1.02,0.2,3.2,70.42
29,C57,HF,Week0,0.048519086,0.000500363,0.006956662,0.678201921,0.000338956,0,0,0,0,0,0,0,0.01618917,0,0,0.007198773,1.61E-05,0.002001453,0.001371964,0.016544266,6.46E-05,0.000290533,3.23E-05,0.002630942,0.086433702,0.001549512,0.00020983,0,0,0,0,0.000403519,0.01685094,0.000145267,0.000177548,0.02246792,0,0.0081995,0.017157614,8.07E-05,0,0.000694052,0.000548785,0.028214026,0,0.000193689,0.000274393,0,0,0,0,0,0.010297797,0.014332984,0.010911145,14,67,17,0.41,25.24,111,0.69,1.02,0.2,3.2,70.42
29,C57,HF,Week2,0.342350412,0,0,0.194948047,3.58E-05,0,1.79E-05,0,0.000268721,0,0,7.17E-05,0.006897169,0.027266213,0.000161233,0.00034038,1.79E-05,0.001612325,0.002902186,8.96E-05,0,0.000716589,7.17E-05,0.009082766,0.0575421,0,0.000824077,0,0,5.37E-05,0,0.004657829,0.005302759,0.062450735,5.37E-05,0.032730204,7.17E-05,0.005087782,0.009673952,0.000143318,0,0.001182372,8.96E-05,3.58E-05,0,0.000555357,0.001361519,0,0,0,0,0,0,0.000286636,0.23104622,14,67,17,0.41,25.24,111,0.69,1.02,0.2,3.2,70.42
29,C57,HF,Week4,0.148171242,0.000142524,0,0.357289198,0,0,1.78E-05,0,8.91E-05,0,0,0,0.000178155,0.018403378,1.78E-05,0.003955034,1.78E-05,0.004970515,0.001834993,0.000285047,1.78E-05,0.000962035,7.13E-05,0.003937218,0.118098733,0,8.91E-05,0,0,0.000124708,0,0.00306426,0.016105183,0.034953947,0.000124708,0.033867204,1.78E-05,0.020879728,0.04728225,0.000374125,0,0.00019597,7.13E-05,0.005255563,0,1.78E-05,0.000926404,0,0,0,0,0,0,0.00094422,0.177246085,14,67,17,0.41,25.24,111,0.69,1.02,0.2,3.2,70.42
3,AJ,NF,Cecum,0.000513358,0,0,0.338795458,0,4.11E-05,0,0,0.000266946,0,0,0,0,0.002402513,0,0,0,0.017207746,0.000718701,0.02209491,0,0.000205343,0.000123206,0.011458141,0.462596768,0,6.16E-05,2.05E-05,6.16E-05,0.000492823,0,0.003593503,0,0,0.001293661,0.004188998,0,0.050514384,0.075607302,0.001930224,0,0.000164274,0.000164274,0,0,0.00014374,0,0,0.000123206,0.004640752,0.000533892,0,0,4.11E-05,0,9,33,30,0.34,20.04,106,0.38,0.77,NA,-0.9,55.02
3,AJ,NF,Week0,0.000208744,6.96E-05,0,0.321280297,0,0,0,0,0,0,0,6.96E-05,0.224307086,0,0,0,0.00018555,0.003780587,4.64E-05,0.04321002,0,0.002690479,6.96E-05,0.00361823,0.322741505,0,0,0,0,2.32E-05,0,0.001206077,0,0,0.000347907,0.016166067,0,0.012478256,0.025397194,0.001275658,0,0.000394294,0.002342572,0,0,0.001368433,0.001762728,0,0,0,0,0,0.002296185,0.012663806,0,9,33,30,0.34,20.04,106,0.38,0.77,NA,-0.9,55.02
3,AJ,NF,Week2,0.000335332,0,9.86E-06,0.360975225,0,0.000118353,3.95E-05,0,0.001804876,0,6.90E-05,5.92E-05,0.003096891,0.035150702,6.90E-05,0,0,0.014695439,0.000226842,0.001025722,0,0.002810873,0.000483273,0.003422361,0.394893088,0,0.000996134,4.93E-05,0,0.000315607,0,0.013492189,1.97E-05,0,0.001499132,0.003905634,0.000443822,0.060478144,0.085351902,0.000848193,0,0.004734101,0.0005819,0,0,0.005976803,7.89E-05,0,2.96E-05,0.001656935,0.000138078,0,9.86E-06,0.00010849,0,9,33,30,0.34,20.04,106,0.38,0.77,NA,-0.9,55.02
3,AJ,NF,Week4,0.000316344,0,0,0.407599695,0,0,0,0,0.000130259,0,0,0,0.000651296,0.007145648,0.000148868,0,0,0.00965779,0.000446603,0.009881092,0,0.00024191,0.000148868,0.010774298,0.441820652,0,0.000204693,1.86E-05,0,7.44E-05,0,0.006345485,0,0,0.000800164,0.002642401,0,0.027726605,0.07089823,0.000837381,0,0.000279127,3.72E-05,0,0,0.000614079,0,0,1.86E-05,0.000316344,7.44E-05,1.86E-05,0,0.000130259,0,9,33,30,0.34,20.04,106,0.38,0.77,NA,-0.9,55.02
30,C57,HF,Cecum,0.00059664,6.28E-05,0,0.416046475,0,3.14E-05,0,0,0,0,0,0,3.14E-05,0.004553305,0,0.008337259,0,0.006358926,0.00284189,0.010378395,0,0.000580939,0.000188413,0.006029204,0.20284189,0,0.000157011,0,0,1.57E-05,0,0.00105197,0.017506673,0.039299733,0.000141309,0.025278694,3.14E-05,0.028026378,0.061469618,0.000942063,0,0.000141309,0.000188413,3.14E-05,0,0.000204114,0.000408227,0,0,0,0,0,0,0.000471032,0.165756006,6,59,19,0.4,24.19,139,0.57,0.86,0.22,2.1,71.56
30,C57,HF,Week0,0.019591629,0.000365753,0.005565804,0.726957573,6.36E-05,0,0,0,1.59E-05,0,0,0,0.008921188,0,0,0.001113161,1.59E-05,0.002003689,0.000174925,0.009684498,0,0.000381655,0,0.002957827,0.076823993,0.005597608,0,0,0,3.18E-05,0,0.000524776,0.00879397,0,3.18E-05,0.052588894,0,0.007680809,0.014248457,7.95E-05,0,0.000159023,0.000477069,0.003562114,0,0.000286241,0.001001845,0,0,0,0,0,0.004039183,0.035493925,0.010765855,6,59,19,0.4,24.19,139,0.57,0.86,0.22,2.1,71.56
30,C57,HF,Week2,0.055960822,0,0,0.397439167,0,0,0,0,0,0,0,0,0,0.021476305,0,0.000306076,0.000187046,0.004642147,0.001768437,0.000629155,0.000153038,0.001241307,0.000187046,0.012004965,0.13530242,0,0.000918227,0,5.10E-05,0.000425105,0,0.004098012,0.023414783,0.032001904,0.000374092,0.019792889,0.000102025,0.024179972,0.057389175,0.000425105,0,0.000510126,0.000510126,5.10E-05,0,0.001785441,0.002244554,0,0,0,0,0,0,0.005968474,0.194460032,6,59,19,0.4,24.19,139,0.57,0.86,0.22,2.1,71.56
30,C57,HF,Week4,0.102949618,0.000148129,0,0.365026756,0,0,0,0,0.000129613,0,0,0,0.001092451,0.028181532,9.26E-05,0.007684189,0,0.004832707,0.003888385,0.001610902,0.000129613,0.001351677,0.000111097,0.009369156,0.152035847,0,0.000370322,0,0,3.70E-05,0,0.003999482,0.014257411,0.111022645,0.000129613,0.019108634,0.000129613,0.024589405,0.040587331,0.00124058,0,0.000370322,0.000740645,1.85E-05,0,9.26E-05,0.000555484,0,0,0,0,0,1.85E-05,0.001296128,0.102801489,6,59,19,0.4,24.19,139,0.57,0.86,0.22,2.1,71.56
31,C57,HF,Cecum,0.000638022,0,5.47E-05,0.291047633,5.47E-05,0,1.82E-05,0,0.000364584,0,0,9.11E-05,0,0.012104198,0,0.019322967,0.000109375,0.015440144,0.001895838,0.000145834,0,0.000710939,0.000273438,0.016023479,0.197221868,0,0.000364584,0,0,7.29E-05,0,0.003518238,0.029057367,0.076416866,7.29E-05,0.016533897,3.65E-05,0.023151102,0.034690195,0.000583335,0,0.00069271,0.001494796,0.000145834,0,1.82E-05,0.000291667,0,0,0,0,0,0,0.000309897,0.257031919,10,49,22,0.96,23.72,116,0.52,0.94,0.18,1.8,64.13
31,C57,HF,Week0,8.44E-05,0.000269947,0,0.567309477,0,0,0,0,0,0,0,0,0.003424946,3.37E-05,0,1.69E-05,6.75E-05,0.003441818,0,0.025830507,0,0.000573636,0.000286818,0.004724064,0.2707901,0.003188743,0.000185588,0,0,0,0,0.001535321,0.009853048,0,0.000539893,0.011877647,0,0.034418181,0.039648395,0.000742353,0,0.000421791,0.000320561,0,0,1.69E-05,0.000927941,0,0,0,0,0,0.014813315,0.00285131,0.001805267,10,49,22,0.96,23.72,116,0.52,0.94,0.18,1.8,64.13
31,C57,HF,Week2,0.000903878,4.45E-05,0,0.37002682,1.48E-05,1.48E-05,0,0,0.000222265,0,0,0,0.000148177,0.00966112,4.45E-05,0.006430868,0.000118541,0.006223421,0.002444915,0.001941115,2.96E-05,0.000785336,0.000162994,0.010283462,0.253367315,0,0.000370442,0,0,1.48E-05,0,0.002696816,0.037355343,0.094818261,0.000340806,0.013484078,0,0.020937366,0.080311764,0.000296353,0,0.0002519,0.000429712,0,0,0.001689214,8.89E-05,0,0,0,0,0,0,0.000859425,0.083186391,10,49,22,0.96,23.72,116,0.52,0.94,0.18,1.8,64.13
31,C57,HF,Week4,0.000694387,1.65E-05,0,0.332842854,0,0,1.65E-05,0,0.000214929,0,0,3.31E-05,0.000264528,0.009853683,0,0.032454328,4.96E-05,0.006547078,0.009341159,0.00234769,0.000297594,0.001769034,0.000115731,0.008762503,0.188757543,0,0.000247995,0,0,3.31E-05,0,0.003257006,0.059105563,0.087922625,0.000132264,0.018550054,1.65E-05,0.021244937,0.043118128,0.002942878,0,0.00016533,0.000909316,1.65E-05,0,0.000479458,0.001074647,0,0,0,0,0,1.65E-05,0.001124246,0.165264115,10,49,22,0.96,23.72,116,0.52,0.94,0.18,1.8,64.13
32,C57,HF,Week0,0.000468974,0.000219832,0,0.536638626,0,0,0,0,0,0,0,0,1.47E-05,0,0,0,0.000102588,0.0030923,0,0.032798898,0,0.000542252,0.000249143,0.006389776,0.169241141,0.012310578,0.000981915,0,0,0,0,0.000337075,0.018421901,0,0.000732773,0.042544772,4.40E-05,0.020283143,0.025178064,1.47E-05,0,0.000981915,0.00128968,0,0,0,0.042046487,0,0,0,0,0,0.065993493,0.007444969,0.011636428,6,58,26,0.44,23.78,143,0.47,0.85,0.24,3,67.58
32,C57,HF,Week2,7.34E-05,0,0,0.010702943,0.00056911,3.67E-05,1.84E-05,0,0.001321804,0,5.51E-05,0.000440601,0,0.052817095,0.00011015,0.074755374,0.000532393,0.002386591,0.002937343,3.67E-05,0,0.000550752,0.00011015,0.052321419,0.028216849,0,0.012153256,0,0,0.001431955,0,0.02158947,0.001431955,0.502248903,3.67E-05,0.003965413,0,0.00365332,0.003579887,0,0,0.00616842,0.004424373,0,0,0,0.003102568,0,0,0,0,0,0,0.000165226,0.208055663,6,58,26,0.44,23.78,143,0.47,0.85,0.24,3,67.58
32,C57,HF,Week4,0.000839374,0,0.003876383,0.214437238,0.001159863,6.10E-05,7.63E-05,0,0.002548646,0,0.000137352,0.000396795,0,0.050988172,0.000137352,0.134025181,0.000366272,0.007630675,0.003204884,0.000244182,0,0.001388783,0.000122091,0.048714231,0.039893171,0,0.006852346,0,0,0.001266692,0,0.009355208,0.005936665,0.192888211,1.53E-05,0.045570393,4.58E-05,0.009202594,0.008057993,1.53E-05,0,0.006501335,0.016528043,1.53E-05,0,0,0.004929416,0,0,0,0,0,0,0.000885158,0.181686379,6,58,26,0.44,23.78,143,0.47,0.85,0.24,3,67.58
33,HEJ,NF,Week0,0.000432253,0.000486285,0,0.330385606,0,0,1.80E-05,0,0.000108063,0,0,0,0.038848765,0,0,1.80E-05,0.000198116,0.006862021,9.01E-05,0.013507916,0,0.001873098,0.000342201,0.009581615,0.373809052,0,3.60E-05,0,0,0,0,0.000900528,0,0,0.001152675,0.006429768,0,0.045080417,0.074617726,0.019955694,0,0.001927129,0.00196315,1.80E-05,0,0.011940997,0.00617762,0,0,0,0,0,0.048502422,0.004700755,3.60E-05,9,78,34,0.39,24.53,123,0.42,0.99,0.13,2.6,83.97
33,HEJ,NF,Week2,0.000193196,0,0,0.015789381,0,0.000263449,0,0,0.008764073,0,0.000193196,0.002616927,0.001440188,0.015631312,0,0,0,0.008184485,0.000158069,0,0,0.003073573,5.27E-05,0.003459965,0.248520294,0,8.78E-05,0,0,0,0,0.004917716,0,0,0.002195409,0.007640023,0,0.010801412,0.038762141,0.000140506,0,0.003530218,0,0.392345926,0,0.223527759,0.006234961,0,5.27E-05,0.001246992,0.000158069,0,0,0,1.76E-05,9,78,34,0.39,24.53,123,0.42,0.99,0.13,2.6,83.97
33,HEJ,NF,Week4,0.000111841,0,3.20E-05,0.052820783,0,1.60E-05,0,0.004090176,0.001661634,0.00504881,1.60E-05,0.000143795,0,0.030181022,0.000111841,1.60E-05,0,0.020946173,0.000383454,4.79E-05,0,0.001022544,0.000111841,0.004074198,0.440940101,0,0.000335522,0,0,0.000303568,0,0.008691623,0,0,0.00255636,0.018453722,0,0.032929109,0.085558165,0.000191727,0,0.001773475,1.60E-05,0.000862771,0,0.037882056,0.000623113,0,0.001086453,0.155155059,0.007365512,0.084439758,0,0,0,9,78,34,0.39,24.53,123,0.42,0.99,0.13,2.6,83.97
34,HEJ,NF,Week0,0.000190028,0.000118768,0,0.409534668,0,0,0,0,0,0,0,0,2.38E-05,0,0,0,0.00040381,0.006294686,0.000118768,0.013634528,0,0.003064206,0.000213782,0.0087413,0.471436376,0,4.75E-05,0,0,0,0,0.001591487,0,0,0.000213782,0.003990594,0,0.015962374,0.02648519,0.007149814,0,0.001092663,0.00114017,2.38E-05,0,0.013325732,0.005890876,0,0,0,0,0,0.002541628,0.006769757,0,10,93,39,0.42,24.52,108,0.4,0.97,0.17,2.1,77.75
36,HEJ,NF,Cecum,0.000309853,0,0,0.220770502,0,0,1.72E-05,0,0,0,0,0,3.44E-05,0.003236246,0,0,1.72E-05,0.008125043,0.000275425,8.61E-05,0,0.000258211,5.16E-05,0.003425601,0.457636163,0,0.000258211,0,1.72E-05,0,0,0.002668182,0,0,0.002392756,0.015045101,0,0.029074571,0.062762515,0.000344281,0.000275425,0.000103284,0,0.160590098,0,0.031123046,0.00046478,0,0,0.000636921,0,0,0,0,0,13,81,15,0.26,20.73,128,0.29,0.78,0.16,-0.08,68.48
36,HEJ,NF,Week0,0.009221029,0.000430085,0.017031379,0.450660611,0.000154831,3.44E-05,0.000980595,0,0.000137627,0,0,0,0.054397192,3.44E-05,0,0.000774154,3.44E-05,0.004300853,0.000154831,0.023654693,0,0.001238646,0.000137627,0.005608313,0.271091385,6.88E-05,0.00010322,0,1.72E-05,0,0,0.001169832,0.00141068,0,0.000206441,0.003165428,0,0.017822736,0.016067988,0.001703138,0,0.008980182,0.00357831,0.029641481,0,0.002150427,0.004163226,0,0,0,0,0,0.062998899,0.001118222,0.005556702,13,81,15,0.26,20.73,128,0.29,0.78,0.16,-0.08,68.48
36,HEJ,NF,Week4,0.000387238,0,0,0.099990319,0,0.000456387,0.000663836,0,0.007191558,0,0.000138299,0.000248939,0.000331918,0.025557692,0.000110639,0,2.77E-05,0.018670392,0.000124469,6.91E-05,0,0.002600025,0.000304258,0.012986295,0.481225884,0,0.000497877,0,0,1.38E-05,0,0.009777753,0,2.77E-05,0.000691496,0.028517294,0,0.032832229,0.067877246,0.000207449,0,0.004121316,0.000663836,4.15E-05,0,0.202248745,0.001396822,0,0,0,0,0,0,0,0,13,81,15,0.26,20.73,128,0.29,0.78,0.16,-0.08,68.48
37,HEJ,NF,Week2,0.000399355,0,0,0.114645573,0,0,0,0,4.61E-05,0,0,0,0,0.004899777,3.07E-05,0,0,0.010997619,7.68E-05,0.000168958,0,0.001950695,4.61E-05,0.002396129,0.335089471,0,0.000153598,0,1.54E-05,0,0,0.003778512,0,0,0.003302358,0.022194916,0,0.016542508,0.061577452,0.000230397,3.07E-05,0.000445434,0.000153598,0.259258121,0,0.156101682,0.002396129,0,0,0.003071961,0,0,0,0,0,17,71,26,0.35,24.84,143,0.38,1.05,0.17,1.6,77.63
37,HEJ,NF,Week4,0.000205544,1.47E-05,1.47E-05,0.059240662,0,0,1.47E-05,0,0,0,0,0,0.000132135,0.018689805,1.47E-05,0,1.47E-05,0.009205426,7.34E-05,4.40E-05,0,0.000792812,5.87E-05,0.005446911,0.24007517,0,0.000396406,0,0,4.40E-05,0,0.010893822,4.40E-05,0,0.001115809,0.015489194,0,0.023975217,0.049418605,4.40E-05,0.024048626,0.001438807,8.81E-05,0.348998708,0,0.182713766,0.003318064,0,0,0.003934696,0,0,0,0,0,17,71,26,0.35,24.84,143,0.38,1.05,0.17,1.6,77.63
38,HEJ,NF,Cecum,0.000262737,0,0,0.401156044,0,0,0,0,0,0,0,0,2.19E-05,0.00091958,0,0.001664003,0,0.011866967,0.000306527,0,0,0.001401266,0.000153263,0.003831585,0.448361176,0,6.57E-05,0,0,0.000153263,0,0.001532634,0,2.19E-05,0.001751582,0.022836249,0,0.04545355,0.050095242,2.19E-05,0,0.000284632,0.000218948,0,0,0.007334749,0.000240843,0,0,0,0,0,0,0,4.38E-05,50,72,21,0.26,20.81,107,0.24,0.79,0.14,4,71.98
39,HEJ,NF,Cecum,0.000195495,0,0,0.227447488,0,0,0,0,2.17E-05,0,0,0,6.52E-05,0.005777961,0,0,0,0.015205161,0.000195495,0.000195495,0,0.00052132,0.000282382,0.013380542,0.577948172,0,0.000108608,0,0,0,0,0.005126311,0,0,0.00039099,0.021699937,0,0.038816604,0.067489193,0.000152052,2.17E-05,0.000825423,6.52E-05,2.17E-05,0,0.021569607,0.002411104,0,0,0,0,0,4.34E-05,0,2.17E-05,7,61,17,0.22,19.01,77,0.05,0.62,0.1,-0.95,70.47
39,HEJ,NF,Week2,8.00E-05,0,0,0.01227509,0,0,0,0,4.00E-05,0,0,0,0,0.034086365,2.00E-05,0.006057577,0,0.013294682,0.000219912,0,0,0.001219512,4.00E-05,0.008776489,0.520091963,0,0.000359856,0,0,0.000159936,0,0.007237105,0,6.00E-05,0.00159936,0.023290684,0,0.025169932,0.047221112,0.000319872,0,0.003738505,0.000759696,0,0,0.285305878,0.008576569,0,0,0,0,0,0,0,0,7,61,17,0.22,19.01,77,0.05,0.62,0.1,-0.95,70.47
39,HEJ,NF,Week4,0.000279037,0,6.98E-05,0.101848622,0.000265085,5.58E-05,0.000139519,0,0.000795256,0,0,2.79E-05,0.000516219,0.018583886,0.000111615,0.056686432,0,0.021374259,0.000125567,0.000279037,0,0.001213812,0.000139519,0.010505755,0.481311475,0,0.000139519,0,0,2.79E-05,0,0.005734217,1.40E-05,0,0.002385769,0.022811301,0,0.044897105,0.096142309,0.00022323,0,0.007408441,0.00066969,0.000111615,0,0.122901988,0.002190443,0,0,0,0,0,0,0,1.40E-05,7,61,17,0.22,19.01,77,0.05,0.62,0.1,-0.95,70.47
4,AJ,NF,Cecum,0.000337809,0,0,0.594172789,0,0,3.38E-05,0,5.07E-05,0,0,0,0,0.001739718,1.69E-05,0,0,0.008681699,0.000101343,0.001672156,0,0.000236467,0.000118233,0.005151592,0.285736002,0,5.07E-05,0,0,0.000185795,0,0.001570813,0,0,0.002415337,0.004408411,8.45E-05,0.028815134,0.061751541,0.000253357,0,0.000135124,0.000456043,1.69E-05,0,0.001722827,0,0,0,0,0,0,0,8.45E-05,0,11,31,34,0.44,18.96,197,0.31,0.76,NA,1.4,57.9
4,AJ,NF,Week0,0.000283243,0.000169946,0,0.344518298,0,0,0,0,0.000113297,0,0,0,0.155878243,0,0,0,0.000169946,0.004777371,1.89E-05,0.046149779,0,0.002096001,9.44E-05,0.003077911,0.342139054,0,0,0,0,7.55E-05,0,0.000830847,0,0,0.000226595,0.020355754,0,0.016050455,0.031421126,0.001416217,0,0.000887496,0.002870199,0,0,0.00169946,0.002379244,0,0,5.66E-05,0,0,0.004022055,0.018221987,0,11,31,34,0.44,18.96,197,0.31,0.76,NA,1.4,57.9
4,AJ,NF,Week4,7.62E-05,0,0,0.079449395,0,0.002303709,5.71E-05,0,0.020562029,0,0.000685401,0.000932907,0,0.065798492,0.000456934,0,0,0.025588302,0.000323662,0.013193968,0,0.00281776,0.000437895,0.026730637,0.459656538,0,0.000247506,0,1.90E-05,0.000685401,0,0.012337217,0,0,0.001370802,0.030862082,0,0.106827355,0.139250628,0.00298911,0,0.001313685,0.00350316,0,0,0.0003427,1.90E-05,0,1.90E-05,0.000913868,9.52E-05,0,1.90E-05,0.000114233,0,11,31,34,0.44,18.96,197,0.31,0.76,NA,1.4,57.9
40,HEJ,HF,Week0,0.000665041,0.000443361,0,0.546632042,0,0,4.75E-05,0,7.92E-05,0,0,1.58E-05,1.58E-05,0,0,1.58E-05,0.000744213,0.00665041,7.92E-05,0.00837635,0,0.003436045,0.000142509,0.011606549,0.273806885,0,0,0,0,1.58E-05,0,0.002074295,0,1.58E-05,0.000300852,0.007378788,0,0.027377522,0.026364126,0.006096209,0,0.002881844,0.000839218,0,0,0.01388669,0.013443329,0,0,0,0,0,0.045428635,0.00114007,0,10,82,34,0.45,21.79,216,0.33,1.01,0.1,2.78,75.83
40,HEJ,HF,Week2,0.00064167,0,0,0.165106709,0,6.17E-05,3.70E-05,0,0.000974845,0,6.17E-05,3.08E-05,0,0.052308471,8.64E-05,0,3.70E-05,0.020107727,1.23E-05,9.87E-05,0,0.004571901,0.000314665,0.011395818,0.501150688,0,0.000166587,0,0,2.47E-05,0,0.010729468,0,0,0.003430468,0.014764587,0,0.01456098,0.056639745,0.000209777,0,0.002690079,0.002326055,0,0,0.107942521,0.029485985,0,0,0,0,0,0,3.08E-05,0,10,82,34,0.45,21.79,216,0.33,1.01,0.1,2.78,75.83
41,HEJ,HF,Week0,0.000755562,0.000475724,0,0.325647125,0,0.000237862,0,0,0.000727578,0,0,5.60E-05,0.041248076,0.00022387,0,1.40E-05,0.000195886,0.014523576,8.40E-05,0.029886666,0,0.003050231,0.000265846,0.016846229,0.390975234,0,1.40E-05,0,0,1.40E-05,0,0.002014831,0,0,0.000629635,0.008507066,0,0.035133622,0.064320694,0.004071638,0,0.004015671,0.001623059,0,0,0.029047153,0.006618161,0,0,0,0,0,0.009290611,0.009486498,0,12,80,23,0.67,25.95,193,0.53,1.24,0.09,3.3,87.09
41,HEJ,HF,Week4,0.00070992,0,0,0.135179125,0,0.000363617,0.000207781,0,0.00957526,0,0.000190466,0.000138521,0,0.035946185,0.000173151,0,1.73E-05,0.030976746,6.93E-05,0,0,0.005263796,0.000121206,0.008293941,0.411424515,0,0.000259727,0,0,3.46E-05,0,0.008553668,0,0,0.001038907,0.029470331,0,0.022215296,0.045937008,0.000207781,0,0.001748827,0.001506415,0,0,0.235364397,0.014960262,0,0,0,0,0,0,5.19E-05,0,12,80,23,0.67,25.95,193,0.53,1.24,0.09,3.3,87.09
42,HEJ,HF,Week0,0.000275587,0.000169592,2.12E-05,0.428220131,0,2.12E-05,0,0,0.000105995,0,0,0,0,0,0,0,0.00129314,0.006783685,4.24E-05,0.004451793,0,0.002819469,0.000381582,0.008373611,0.447108454,0,2.12E-05,0,0,0,0,0.001547528,2.12E-05,0,0.000296786,0.003943017,0,0.01789197,0.019291105,0.005257356,0,0.00150513,0.000847961,2.12E-05,0,0.00237429,0.013652167,0,0,0,0,0,0.024739252,0.008522005,0,27,96,35,0.36,27.14,172,0.53,1.39,0.11,4.2,87.63
43,HEJ,HF,Cecum,0.000352697,0,0,0.428443983,0,0,4.15E-05,0,0,0,0,0,4.15E-05,0.007821577,0,0,0,0.011224066,0.000124481,0,0,0.000228216,8.30E-05,0.009107884,0.37120332,0,0.000103734,0,4.15E-05,6.22E-05,0,0.004128631,0,0,0.0006639,0.023153527,0,0.030954357,0.049460581,0.00026971,0,0.000414938,0.001410788,4.15E-05,0,0.05780083,0.002780083,0,0,2.07E-05,0,0,0,0,2.07E-05,32,80,25,0.5,25.58,158,0.48,1.1,0.1,5.3,84.58
43,HEJ,HF,Week0,0.000738042,0.000486794,0,0.313385258,0,0,0,0,0,0,0,0,0,0,0,0,0.000219842,0.003753023,0.000141327,0.016017085,0,0.001617412,0.000172733,0.006548161,0.429477717,0,3.14E-05,0,3.14E-05,0,3.14E-05,0.001319054,0,0,0.000628121,0.00425552,0,0.027982789,0.041314657,0.016519582,0,0.001240539,0.007600264,0,0,0.021575956,0.002638108,0,0,0,0,0,0.101520053,0.000753745,0,32,80,25,0.5,25.58,158,0.48,1.1,0.1,5.3,84.58
43,HEJ,HF,Week2,0.000846725,0,0,0.144358044,0,0.000138241,0.000293762,0,0.002488336,0,6.91E-05,0,0,0.016087783,3.46E-05,0.000656644,1.73E-05,0.032123726,8.64E-05,0,0,0.000760325,0.000190081,0.006687403,0.439865215,0,0.000259202,0,0,0,0,0.008899257,0,1.73E-05,0.001952652,0.025609124,0,0.017556592,0.045947814,0.000466563,0,0.000345602,0.003576983,1.73E-05,0,0.240418179,0.010212545,0,0,0,0,0,0,0,1.73E-05,32,80,25,0.5,25.58,158,0.48,1.1,0.1,5.3,84.58
44,HEJ,HF,Cecum,0.000601202,0,0,0.151369405,0,0,0,0,0.000133601,0,0,0,0.000378535,0.010420842,0.000133601,0,0,0.016833667,0.000178134,2.23E-05,0,0.001224672,0.000267201,0.013694055,0.565709196,0,0,0,0,0,0,0.004520151,0,0,0.000623469,0.034090403,0,0.025495435,0.048073926,0.000334001,0,0.000846137,0.003006012,0.000133601,0,0.117791138,0.003807615,0,0,0.000111334,0,8.91E-05,6.68E-05,4.45E-05,0,8,80,24,0.45,24.86,202,0.41,1.24,0.12,7.6,77.6
44,HEJ,HF,Week0,0.000584249,0.000105165,1.17E-05,0.587648983,0,0,1.17E-05,0,0,0,0,0,0.000350549,0,0,1.17E-05,0.000233699,0.003692452,0,0.027962141,0,0.001156812,0.000151905,0.003774246,0.238198177,0,2.34E-05,0,0,0,0,0.000280439,0,0,0.000619304,0.002640804,0,0.025087637,0.022037859,0.001986445,0,0.000841318,0.033664408,1.17E-05,0,0.034050012,0.000712783,0,0,0,0,0,0.013916803,0.00021033,2.34E-05,8,80,24,0.45,24.86,202,0.41,1.24,0.12,7.6,77.6
45,HEJ,HF,Week0,0.000450667,0,0,0.331283527,0,0,0,0,1.45E-05,0,0,0,0,0,0,0,0.000290753,0.008126536,0.000130839,0.036722055,0,0.001540989,0.000145376,0.009551223,0.516536555,0,0.000101763,0,1.45E-05,0,0,0.000930408,0,0,0.000276215,0.003081978,0,0.019785715,0.031459433,0.007094364,0,0.000770494,0.013563609,0,0,0.00975475,0.005320773,0,0,0,0,0,0.000523355,0.002529548,0,6,94,23,0.34,24.16,134,0.34,1,0.07,3.5,79.66
46,HEJ,HF,Cecum,0.000175491,0,0,0.287454874,0,0,7.52E-05,0,0,0,0,0,0.000250702,0.00503911,5.01E-05,0,0,0.016345768,0.000150421,0.000852387,0,0.001027878,0.000125351,0.01150722,0.517498997,0,0.000150421,0,0,0,0,0.004788408,0,0,0.001779984,0.031187325,0,0.022638387,0.070597673,0.000175491,0,0.000451264,5.01E-05,0,0,0.02429302,0.003284196,0,0,0,0,0,0,5.01E-05,0,9,95,47,0.58,25.85,195,0.55,1.2,0.09,4.1,83.25
47,HEJ,HF,Cecum,2.71E-05,0,0,0.057194821,0,0,0.000190016,0,0.000624338,0,2.71E-05,8.14E-05,0.173131735,0.008686446,0,0,0.000380032,0.013844024,0.000352887,0,0,0.000542903,0,0.012106735,0.630663156,0,2.71E-05,0.000108581,0,0,0,0.004424659,0,2.71E-05,0.001981596,0.006731996,0.000922935,0.021281794,0.042726458,0.000841499,0,0.000380032,5.43E-05,2.71E-05,5.43E-05,0.021173213,0.000190016,0,0,0,0,0,0,0.001194386,0,9,84,36,0.31,24.06,128,0.44,0.94,0.11,2.8,78.68
47,HEJ,HF,Week2,0.000533299,0,0,0.239661274,0,3.23E-05,8.08E-05,0,0.000694905,0,1.62E-05,1.62E-05,0,0.02233391,0,0,0,0.021671326,0.000226248,8.08E-05,0,0.002666494,0.000420175,0.008047965,0.477043908,0,0.000242409,0,4.85E-05,0.000177766,0,0.008548942,0,0,0.002618013,0.046203074,0,0.032466588,0.075292102,0.000161606,0,0.00085651,0.002521049,0,0,0.044651659,0.012669888,0,0,0,0,0,0,0,1.62E-05,9,84,36,0.31,24.06,128,0.44,0.94,0.11,2.8,78.68
48,HOUJ,NF,Week0,0.000237426,0.000499844,0,0.265554514,0,0,2.50E-05,0,0,0,0,0,0.137444549,0,0,0,0.000124961,0.00604811,2.50E-05,0.002124336,0,0.001037176,0,0.00787254,0.403848797,0,2.50E-05,0,0,6.25E-05,0,0.000949703,0,3.75E-05,0.000587316,0.00079975,2.50E-05,0.018831615,0.010759138,0.010334271,0,0.001512027,0.001399563,0,1.00E-04,0.010859107,0.006760387,0,0,0,0,0,0.11177757,0.000337395,0,10,104,52,0.65,27.6,126,0.61,1.51,0.17,1.7,78.24
48,HOUJ,NF,Week2,0.000211979,0,0,0.019482772,0,9.64E-05,0.000192708,0,0.002370308,0,1.93E-05,0,0.005222385,0.022874432,0.000115625,0,0.000308333,0.011003623,0.001098435,0,0,0.002100516,0,0.013817159,0.409889771,0,0.000443228,5.78E-05,0.000173437,0.000115625,0,0.012333308,0,0.002466662,0.004547907,0.016457257,0.003025515,0.044900948,0.069027981,0.00098281,0,0.001560934,0.003622909,0,0.001002081,0.25971248,0.006166654,0,0,0,0,0,0,0.084598782,0,10,104,52,0.65,27.6,126,0.61,1.51,0.17,1.7,78.24
49,HOUJ,NF,Week0,7.90E-05,2.63E-05,0,0.408174545,0,1.32E-05,5.26E-05,0,0.000210548,0,0,9.21E-05,0.175755343,0,0,0,0.000131593,0.002684493,1.32E-05,0.01334351,0,0.00401358,0,0.003434572,0.341838615,0,3.95E-05,0,0,1.32E-05,1.32E-05,0.000513212,0,0,0.00018423,0.010803769,0,0.006487525,0.013014528,0.002039688,0,0.003960943,0.000592168,0,2.63E-05,0.010514265,0.001394884,0,0,0,0,0,0.000513212,2.63E-05,0,8,106,29,0.29,24.17,93,0.57,0.96,0.11,-0.1,80.24
49,HOUJ,NF,Week2,0.000722714,0,0,0.113513174,0,7.86E-05,0.001005515,0,0.003456457,0,6.28E-05,7.86E-05,0.003754969,0.017313705,1.57E-05,0,0.00053418,0.022309856,0.000219956,0,0,0.005310374,0.000204245,0.005200396,0.44495593,0,0.000125689,0,1.57E-05,0.000125689,0,0.005200396,0,0,0.004949017,0.025499222,0.002498075,0.02034596,0.067620858,0.000926959,0,0.001225471,0.000188534,0,0.000769847,0.246131125,0.005546042,0,0,7.86E-05,0,0,0,1.57E-05,0,8,106,29,0.29,24.17,93,0.57,0.96,0.11,-0.1,80.24
49,HOUJ,NF,Week4,8.69E-05,0,0,0.022990303,0,5.21E-05,0.000208529,0,0.001094776,0,0,0.000121642,0.000503945,0.002502346,0,0,0.000451812,0.022086678,0.000625586,0,0,0.000851493,6.95E-05,0.004691899,0.440291245,0,6.95E-05,0,0,1.74E-05,0,0.003666632,0,1.74E-05,0.001355437,0.014405867,0.000816738,0.022503736,0.058283808,0.001355437,0,0.000764606,0.000364925,0.115368575,0,0.278664025,0.003753519,0,0,0.001720363,0.000243284,0,0,0,0,8,106,29,0.29,24.17,93,0.57,0.96,0.11,-0.1,80.24
5,AJ,NF,Week0,0.000117102,0.000538667,0,0.247341796,0,0,0,0,0,0,0,0,0.139280528,0,0,0,0.000140522,0.003489625,0,0.120965853,0,0.001779943,9.37E-05,0.002084407,0.343224507,0,9.37E-05,0,0,0,0,0.000538667,0,0,0.000468406,0.016862617,0,0.032858682,0.067286524,0.002107827,0,0.000163942,0.001873624,0,0,0.004590379,0.000327884,0,0,0,0,0,0.008126844,0.005644292,0,94,35,31,0.44,21.51,118,0.49,0.84,NA,2,60.47
5,AJ,NF,Week2,0.000224542,0,0,0.558717862,0,0,0,0,0.000196475,0,0,0,0,0.003031324,0,0,0,0.00693275,0.000140339,0.000224542,0,0.001487594,0.000280678,0.003704951,0.337796115,0,0.000168407,0,0,0.000308746,0,0.009683395,0,0,0.001571797,0.003704951,0.000140339,0.019170315,0.041652633,0.000505221,0,0,0.000589424,0,0,0.009599192,0,0,0,0,0,0,0,0.000168407,0,94,35,31,0.44,21.51,118,0.49,0.84,NA,2,60.47
5,AJ,NF,Week4,0.000610769,0,0,0.392838738,0,3.82E-05,0,0,0.000400817,0,0,0,3.82E-05,0.007176531,0,0,0,0.010268547,9.54E-05,0.000190865,0,0.00087798,0.000209952,0.007062012,0.384039853,0,0.00038173,0,1.91E-05,3.82E-05,0,0.003817304,0,0,0.002767545,0.005077014,0.000152692,0.028419827,0.09793293,0.000362644,0,0.000190865,0.005000668,0,0,0.051514515,1.91E-05,0,0,0,3.82E-05,0,0,0.000419903,0,94,35,31,0.44,21.51,118,0.49,0.84,NA,2,60.47
50,HOUJ,NF,Cecum,0.000518412,0,5.18E-05,0.189669771,0,0,0.000103682,0,0.000587534,0,1.73E-05,0.000103682,0.046726226,0.0075861,0,0,1.73E-05,0.019043011,0.000241926,0,0,0.001209629,0,0.018887487,0.483903299,0,8.64E-05,0,5.18E-05,0,0,0.006359191,0,0,0.004285541,0.015846135,0.001226909,0.03589141,0.075394425,0.001002264,0,0.001762602,0.001503396,0.003075913,5.18E-05,0.083429816,0.001330592,0,0,0,0,0,3.46E-05,0,0,10,102,56,0.82,26.92,122,0.73,1.26,0.12,0.8,80.25
50,HOUJ,NF,Week0,0.000202625,0.000685807,0,0.218289223,0,0,0,0,3.12E-05,0,0,0,0.306867421,0,0,0,9.35E-05,0.004442158,3.12E-05,0.00645282,0,0.002665295,0,0.00425512,0.254465538,0,0,0,0,0,0.000249384,0.00040525,0,0,3.12E-05,0.017332211,0,0.005751426,0.022974532,0.009616883,0,0.001418373,0.002789987,0,7.79E-05,0.008416721,0.006296954,0,0,0,0,0,0.116368964,0.009788335,0,10,102,56,0.82,26.92,122,0.73,1.26,0.12,0.8,80.25
50,HOUJ,NF,Week2,0.000145019,0,0,0.011601489,0,0.002344468,0,0,0.040387683,0,0.000290037,0.002247788,0.014864408,0.016242084,4.83E-05,0,0.000652584,0.013317542,0.001957751,2.42E-05,0,0.003963842,0,0.008193552,0.449461014,0,0.000410886,0,0,0,0,0.012761638,0,0.006767535,0.003625465,0.008846135,0.000386716,0.021317736,0.041088606,0.000894281,0,0.001498526,0.000483395,0,0.00106347,0.324986707,0.006550007,0,0,0,0,0,0,0.003577126,0,10,102,56,0.82,26.92,122,0.73,1.26,0.12,0.8,80.25
52,HOUJ,NF,Week0,0.000144059,0,0,0.181168607,0,0,0,0,0,0,0,0,0.10268526,0,0,1.44E-05,5.76E-05,0.003817564,5.76E-05,0.019476778,0,0.001728708,0,0.005531866,0.618113979,0,5.76E-05,0,0,5.76E-05,0.000648266,0.000518612,0,0,0.000115247,0.005416619,1.44E-05,0.0139161,0.037167224,0.001671084,0,0.000864354,0.000662671,1.44E-05,0,0.005142907,0.000720295,0,0,0,0,0,0.000144059,5.76E-05,1.44E-05,9,99,27,0.2,19.88,71,0.1,0.66,0.08,-2.5,73.34
52,HOUJ,NF,Week2,0.000324798,0,0,0.02176149,0,0,0.000108266,0,0.000243599,0,0,0,0.000297732,0.014670059,8.12E-05,0,0.000568397,0.018242841,0.000351865,5.41E-05,0,0.000947329,0,0.008769556,0.536675148,0,0.000324798,0,0.000108266,5.41E-05,0,0.012125805,0,0,0.003924647,0.010231148,0.001488659,0.042061387,0.060737292,0.000514264,0,0.000649597,0.000893195,2.71E-05,0.000920262,0.245033292,0.001596925,0,0,0,0,0,0,0.016212851,0,9,99,27,0.2,19.88,71,0.1,0.66,0.08,-2.5,73.34
53,HOUJ,NF,Cecum,0.000193798,0,2.15E-05,0.191171404,0,0,8.61E-05,0,0.000107666,0,0,0,0.060981912,0.00245478,0,0,0.000452196,0.016408269,0.000387597,0.000107666,0,0.000538329,6.46E-05,0.009926787,0.501593454,0,0,0,0,0,0,0.002347115,0,0,0.001593454,0.006847545,0.000968992,0.014814815,0.057859604,0.000279931,0,0.00040913,4.31E-05,0.09537037,0,0.032665805,0.00122739,0,0,0,0,0,0,0.001012059,6.46E-05,8,107,54,1.25,29.28,147,1.15,1.39,0.16,2.7,85.76
53,HOUJ,NF,Week0,0.000358718,0,0,0.318705627,0,2.99E-05,2.99E-05,0,0.000358718,0,0,0.000134519,0.271788357,0,0,0,8.97E-05,0.003333084,0,0.033360735,0,0.007323817,0,0.003467603,0.295852328,0,2.99E-05,0,0,4.48E-05,8.97E-05,0.000911741,0,0,7.47E-05,0.003034153,1.49E-05,0.005156565,0.012017039,0.000971527,0,0.002989313,0.002585756,0,0.000747328,0.030446155,0.006023466,0,0,0,0,0,2.99E-05,0,0,8,107,54,1.25,29.28,147,1.15,1.39,0.16,2.7,85.76
53,HOUJ,NF,Week2,0.000224087,0,0,0.157431551,0,0,0,0,6.11E-05,0,0,0,0.000203716,0.003442797,0,0,0.000733377,0.038074478,0.000101858,0,0,0.002037158,0,0.007496741,0.494683018,0,0.000122229,0,6.11E-05,0,0,0.003544654,0,2.04E-05,0.005378096,0.020228977,0.00154824,0.029986962,0.059770209,0.000916721,0,0.000346317,0.001833442,0,0.00038706,0.168289602,0.003076108,0,0,0,0,0,0,0,0,8,107,54,1.25,29.28,147,1.15,1.39,0.16,2.7,85.76
54,HOUJ,NF,Week0,7.76E-05,5.18E-05,0,0.366715835,0,7.76E-05,0,0,5.18E-05,0,0,0,0.145330331,2.59E-05,0,0,5.18E-05,0.004036954,0,0.036177315,0,0.001035116,0,0.004321611,0.375152033,0,2.59E-05,0,0,0,0.00012939,0.000776337,0,0,5.18E-05,0.013896437,0,0.00569314,0.016717129,0.001397407,0,0.001345651,0.013534146,2.59E-05,0,0.008927878,0.001423285,0,0,0,0,0,0.002924204,0,2.59E-05,11,101,41,0.75,25.36,123,0.61,1.25,0.12,0.53,80.77
54,HOUJ,NF,Week2,2.98E-05,0,0,0.047967625,0,4.46E-05,0.000163661,0,0.000297566,0,0,0,0.000386836,0.019579837,2.98E-05,0,0.000848063,0.036451824,0.000505862,0,0,0.00340713,2.98E-05,0.003585669,0.405002083,0,0.000119026,0,0,0.000119026,0,0.005594239,0,0,0.004656907,0.010176754,0.001963935,0.022674522,0.083571386,0.000357079,0,0.00122002,0.000312444,0.13530322,2.98E-05,0.2091442,0.005400821,0,0,0,0,0,0,0.001011724,1.49E-05,11,101,41,0.75,25.36,123,0.61,1.25,0.12,0.53,80.77
55,HOUJ,NF,Cecum,0.000367976,0,0,0.46161664,0,0,0.000157704,0,0.000175226,0,0,0,0.000718429,0.013667665,1.75E-05,0,0.001051359,0.035921428,0.000490634,0,0,0.002207854,0,0.010758906,0.215108027,0,8.76E-05,0,0,7.01E-05,0,0.003206645,0,0,0.000998791,0,0.002330512,0.01654138,0.148346738,0.000350453,0,0.001331721,0.000560725,0.000105136,0,0.072368536,0.001892446,0,0,0,0,0,0.009549843,0,0,16,114,31,0.54,26.42,101,0.6,1.23,0.15,-0.7,82.05
55,HOUJ,NF,Week2,0.000724921,0,0,0.101098533,0,0.000223052,3.72E-05,0,0.006245469,0,0.000148702,0.000130114,0.00048328,0.025632447,5.58E-05,0,0.000260228,0.017676908,0.000223052,0,0,0.00161713,0,0.008252942,0.459636796,0,0.000929385,0,5.58E-05,3.72E-05,0,0.014163832,0,0,0.002379226,0.00656146,0.001301139,0.015836726,0.026970762,0.000706333,0,0.000334579,5.58E-05,0,0.000706333,0.305935055,0.001579955,0,0,0,0,0,0,0,0,16,114,31,0.54,26.42,101,0.6,1.23,0.15,-0.7,82.05
56,HOUJ,HF,Week0,0.000142523,0,0,0.33012318,0,0,6.11E-05,0,0.000325766,0,0,0.000122162,0.185096203,0,0,0,0,0.003176219,0,0.010974244,0,0.001567749,0,0.002870813,0.423882724,0,4.07E-05,0,0,0,0,0.000610811,0,0,4.07E-05,0.002789372,2.04E-05,0.007574061,0.022253894,0.001160542,0,0.00213784,0.000427568,0,0,0.004031355,0.00054973,0,0,0,0,0,2.04E-05,0,0,7,116,31,0.96,32.58,134,1.4,1.47,0.1,8.4,108.87
56,HOUJ,HF,Week2,0.000372717,0,0,0.093464296,0,4.38E-05,0,0,0.000328868,0,0,0,0.002148605,0.016399553,0.000109623,0,0.000328868,0.019030497,0.000504264,2.19E-05,0,0.002499397,0,0.006686983,0.566793098,0,0.000131547,0,0,6.58E-05,0,0.004384907,0,0,0.002192454,0.013856307,0.002236303,0.020565215,0.063164587,0.000285019,0,0.000285019,0.000548113,2.19E-05,4.38E-05,0.178904212,0.004582228,0,0,0,0,0,0,0,0,7,116,31,0.96,32.58,134,1.4,1.47,0.1,8.4,108.87
57,HOUJ,HF,Cecum,0.000456465,0,0,0.430189433,0,0,0,0,5.71E-05,0,0,0,0.02085473,0.005449047,0,0,0.001112633,0.01369394,2.85E-05,0,0,0.00028529,0,0.01221043,0.402773023,0,0,0,0,0,0,0.002710259,0,0,0.000199703,0.006675796,0.000484994,0.014036289,0.026874358,0.000713226,0,0.000256761,0.000142645,0,0,0.058427479,0.002367911,0,0,0,0,0,0,0,0,15,106,53,1.8,31.23,150,1.24,1.58,0.09,7.91,113.53
57,HOUJ,HF,Week0,8.53E-05,0,0,0.368178482,0,0,0,0,1.71E-05,0,0,0,0.166225697,0,0,1.71E-05,5.12E-05,0.002901866,5.12E-05,0.01778673,0,0.002594609,0,0.004079682,0.402898452,0,3.41E-05,0,0,0,0.000136558,0.000648652,0,0,8.53E-05,0.000495024,1.71E-05,0.005974429,0.016625984,0.001621631,0,0.001109537,0.000460885,0,0.000170698,0.007015687,0.000699862,0,0,0,0,0,1.71E-05,0,0,15,106,53,1.8,31.23,150,1.24,1.58,0.09,7.91,113.53
57,HOUJ,HF,Week2,0.000142011,0,0,0.014119938,0,0.00044632,0.000730342,0,0.013227299,0,0.000101436,0.000628905,0.000588331,0.090866672,0.000304309,0,0.000243447,0.028442749,6.09E-05,0,0,0.00393573,0,0.007587438,0.381299197,0,0.000770916,0,0,0,0,0.009920474,0,0,0.001622981,0.004990668,0.000202873,0.011847764,0.02316806,0.000304309,0,0.004726933,0.001440396,0,0.001764992,0.386878195,0.009636452,0,0,0,0,0,0,0,0,15,106,53,1.8,31.23,150,1.24,1.58,0.09,7.91,113.53
57,HOUJ,HF,Week4,0.000374267,0,0,0.045348692,0,0.000311889,0.000145548,0,0.007360586,0,0.000270304,0.000166341,0.001185179,0.08493783,0.000291097,0,8.32E-05,0.042479311,0.000311889,0,0,0.001309935,0,0.012579532,0.404333181,0,8.32E-05,0,0,8.32E-05,0,0.006009066,0,6.24E-05,0.000852497,0.001185179,0.000540608,0.021624319,0.04867551,0.00039506,0,0.002037676,0.004782301,0,0.000602986,0.301908762,0.009647773,0,0,0,0,0,2.08E-05,0,0,15,106,53,1.8,31.23,150,1.24,1.58,0.09,7.91,113.53
58,HOUJ,HF,Cecum,0.000674319,0,0,0.318493544,0,0,0.00045911,0,0.000200861,0,0,0,0.000401722,0.008020086,1.43E-05,0,0.000573888,0.030832138,0.000401722,0,0,0.00312769,0,0.013773314,0.449713056,0,2.87E-05,0,0,2.87E-05,0,0.003515065,0,0,0.002654232,0.013285509,0.001764706,0.01661406,0.051549498,0.000875179,0,0.000559541,0.001219512,4.30E-05,0.000129125,0.077288379,0.003457676,0,0,0,0,0,0.000301291,0,0,9,74,22,0.49,26.85,130,0.6,1.4,0.13,2,101.76
58,HOUJ,HF,Week0,0.000206248,0,0,0.492059463,0,3.17E-05,0,0,0.000444226,0,0,0,0.00112643,1.59E-05,0,0,0.000174517,0.003791785,7.93E-05,0.01139122,0,0.003791785,0,0.005901858,0.40004125,0,4.76E-05,0,0,4.76E-05,3.17E-05,0.000888452,0,0,9.52E-05,0.014183497,0,0.010772477,0.028969872,0.001856229,1.59E-05,0.002411512,0.012057559,0,0,0.008392696,0.00112643,0,0,0,0,0,3.17E-05,0,1.59E-05,9,74,22,0.49,26.85,130,0.6,1.4,0.13,2,101.76
59,HOUJ,HF,Cecum,0.000596222,0,0,0.447132174,0,0,1.70E-05,0,5.11E-05,0,0,0,0.000238489,0.004599424,0,0,0.000647326,0.035279287,0.000442908,0,0,0.000511047,0,0.011651875,0.3238165,0,5.11E-05,0,5.11E-05,3.41E-05,0,0.002844829,0,0,0.003492155,0.001175408,0,0.017903685,0.083266613,0.000800641,0,0.000323663,0.000357733,0,0,0.062926937,0.00170349,0,0,0,0,6.81E-05,1.70E-05,0,0,7,90,24,0.61,31.75,160,1.34,1.48,0.08,7,115.06
59,HOUJ,HF,Week0,7.27E-05,0,0,0.237897146,0,5.45E-05,0,0,0.000508638,0,0,0.000108994,0.27195771,0,0,1.82E-05,0.000272485,0.003687624,3.63E-05,0.0123163,0,0.003378808,0,0.005504187,0.420352777,0,1.82E-05,0,0,0,0.000272485,0.000926447,0,0,0.000254319,0.002179876,0,0.009337136,0.016167414,0.002979164,0,0.000617632,0.007720395,0,0,0.002615851,0.000744791,0,0,0,0,0,0,0,0,7,90,24,0.61,31.75,160,1.34,1.48,0.08,7,115.06
59,HOUJ,HF,Week2,0.000777739,0,0,0.225354303,0,6.91E-05,0.00027653,0,0.004113377,0,1.73E-05,6.91E-05,0.000120982,0.024974075,3.46E-05,0,1.73E-05,0.040718977,1.73E-05,0,0,0.003387487,0,0.006291047,0.436311787,0,0.000103699,0,0,5.18E-05,0,0.005305911,0,0,0.002091255,0.012651227,0.00050121,0.02416177,0.043363291,0.000553059,0,0.000829589,0.002748012,0,0.000241963,0.160145178,0.00463187,0,0,0,0,0,6.91E-05,0,0,7,90,24,0.61,31.75,160,1.34,1.48,0.08,7,115.06
6,AJ,NF,Cecum,0.000138556,0,0,0.408124562,0,6.93E-05,0,0,0.000727418,0,1.73E-05,0,0.000181854,0.002511323,0,0,1.73E-05,0.009776839,0.000545563,0.008330663,0,0.000303091,0.00033773,0.008495198,0.436208076,0,0.000103917,6.93E-05,0,0.000173195,0,0.004070075,0,0,0.003264719,0.00325606,0.000484945,0.035279753,0.072854335,0.000736077,0,0.000103917,0.000225153,0,0,0.000588862,0,0,3.46E-05,0.002450704,0.000381028,0,0,0.000138556,0,11,30,32,0.38,19.05,125,0.39,0.73,0.15,1.6,58.04
6,AJ,NF,Week0,0.000159361,5.31E-05,0,0.495814121,0,0,0,0,1.06E-05,0,0,0,0.215987081,0,0,0,0.000159361,0.002284172,1.06E-05,0.048084483,0,0.00185921,0.000223105,0.003984021,0.137804645,0,1.06E-05,0,0,0,0,0.00117927,0,1.06E-05,0.000191233,0.019346408,0,0.01385377,0.019622633,0.001742345,0,0.000531203,0.002220428,3.19E-05,0,0.00298536,0.000828676,0,0,2.12E-05,1.06E-05,0,0.000414338,0.030565412,0,11,30,32,0.38,19.05,125,0.39,0.73,0.15,1.6,58.04
6,AJ,NF,Week2,0.000280763,0,0,0.32811842,0,0.000109186,0.000140382,0,0.003010404,0,1.56E-05,0.000296361,0.022804199,0.020885651,0.000140382,0,0,0.016299855,0.000577124,0.007003478,0,0.004414219,0.000561526,0.005334498,0.443886385,0,0.000374351,0,0,0.000218371,0,0.006223581,0,0,0.001513001,0.007050272,0.000327557,0.041225375,0.081202914,0.00129463,0,0.000421145,0.002402084,0,0,0.001887352,0.000124784,0,3.12E-05,0.001481805,0.000187175,0,0,0.000155979,0,11,30,32,0.38,19.05,125,0.39,0.73,0.15,1.6,58.04
6,AJ,NF,Week4,0.000223015,0,0,0.210263945,0,5.25E-05,2.62E-05,0,0.000131185,0,2.62E-05,0,2.62E-05,0.00978643,1.31E-05,0,0,0.01265939,0.001692292,0.002991027,0,0.001298735,0.000223015,0.022550769,0.502623708,0,0.000196778,2.62E-05,5.25E-05,0.000511623,0,0.006362491,0,0,0.003712547,0.004696437,0.000773994,0.065828829,0.151007504,0.000642808,0,0.000170541,0.000603453,0,0,0.000380438,0,0,0,1.31E-05,0,0,0,0.000432912,0,11,30,32,0.38,19.05,125,0.39,0.73,0.15,1.6,58.04
60,HOUJ,HF,Cecum,0.000733958,0,1.75E-05,0.407853348,0,0,0.000157277,0,0.000489305,0,0,0,8.74E-05,0.010170558,5.24E-05,0,3.50E-05,0.009821054,3.50E-05,6.99E-05,0,0.000332029,0,0.012564658,0.373374808,0,3.50E-05,0,0,0,0,0.003093108,1.75E-05,3.50E-05,0.002289249,0.00660562,0.000629107,0.018313994,0.056934154,0.000244653,0,0.000366979,0.001485391,0.000122326,0.000122326,0.090032154,0.003599888,0,0,0.000122326,3.50E-05,3.50E-05,3.50E-05,3.50E-05,1.75E-05,12,115,38,0.91,30.87,173,1.2,1.37,0.09,7.8,109.68
60,HOUJ,HF,Week2,0.000603519,0,0,0.105826971,0,3.02E-05,1.51E-05,0,0.000950542,0,3.02E-05,6.04E-05,0.000105616,0.028018347,7.54E-05,0,0.000286671,0.055387912,0.000120704,0,0,0.00733275,0,0.010818069,0.379673496,0,0.000271583,0,3.02E-05,6.04E-05,0,0.010621926,0,0,0.003636199,0.008253116,0.000950542,0.018045204,0.049352726,0.000648782,0,0.001161773,0.000301759,0,0.002323546,0.308654455,0.006352032,0,0,0,0,0,0,0,0,12,115,38,0.91,30.87,173,1.2,1.37,0.09,7.8,109.68
60,HOUJ,HF,Week4,0.000450501,0,0,0.110691895,0,0.000281563,7.51E-05,0,0.005180764,5.63E-05,0.000131396,7.51E-05,0.000412959,0.028569283,7.51E-05,0,0.000394189,0.056631753,0.000788377,0,0,0.001651838,0,0.015148102,0.4238653,0,0.000300334,0,1.88E-05,9.39E-05,0,0.009385441,0,0,0.001464129,0.000131396,0,0.030183579,0.079682397,0.001614296,0,0.000525585,0.000469272,0,0.000375418,0.22521305,0.005875286,0,0,1.88E-05,0,0.000168938,0,0,0,12,115,38,0.91,30.87,173,1.2,1.37,0.09,7.8,109.68
61,HOUJ,HF,Cecum,0.000315661,0,0,0.290723868,0,4.30E-05,7.17E-05,0,0.000961332,0,1.43E-05,0,0.002410503,0.009441136,1.43E-05,0,0.000530885,0.03683191,0,0,0,0.002927039,0.000373054,0.01947055,0.455283736,0,0,0,7.17E-05,2.87E-05,0,0.005064926,0,1.43E-05,0.004204032,4.30E-05,0.005538417,0.012239042,0.042413373,0.000875242,0,0.00048784,0.00097568,0,0.000186527,0.102503766,0.002711816,0,0,0.000473492,0,0,0,0.00275486,0,13,118,38,1.32,35.28,160,1.5,1.63,0.1,7.5,128.01
61,HOUJ,HF,Week2,0.000540616,0,0,0.044016602,0,0.000104635,0.000139514,0,0.003016986,0,1.74E-05,0.000104635,0.000924279,0.02765861,1.74E-05,0,0.000156953,0.020194622,0.000191831,0,0,0.000715008,0,0.005824701,0.330072198,0,3.49E-05,0,0,6.98E-05,0,0.005999093,0,0,0.001674166,0.012905026,0.000174392,0.020613163,0.038819713,8.72E-05,0,0.000558055,0.002737958,1.74E-05,0.002615884,0.462941648,0.017055561,0,0,0,0,0,0,0,0,13,118,38,1.32,35.28,160,1.5,1.63,0.1,7.5,128.01
61,HOUJ,HF,Week4,0.000545405,0,0,0.098029366,0,0.000631522,0.000272702,2.87E-05,0.013003603,0.001162574,2.87E-05,0.000114822,0.000617169,0.004578531,1.44E-05,0,0.000330114,0.012558667,8.61E-05,0,0,0.001621862,0,0.007420378,0.395031074,0,2.87E-05,0,0,2.87E-05,0,0.00368866,0,0,0.003487721,0.021586554,0.001105163,0.018529416,0.066223645,0.000172233,0,0.001420923,0.006013807,1.44E-05,0.002870552,0.305886068,0.032394184,0,0,0,0,0.000473641,0,0,0,13,118,38,1.32,35.28,160,1.5,1.63,0.1,7.5,128.01
62,HOUJ,HF,Cecum,0.000328751,0,0,0.361277199,0,0,0,0,0.000390392,0,0,0,0.001499928,0.004849083,0,0,0.000349298,0.018615546,0.000452033,0,0,0.000328751,0,0.010232386,0.369701453,0,4.11E-05,0,4.11E-05,4.11E-05,0,0.00351353,0,0.000513674,0.001191724,0.012348723,0.00141774,0.016191005,0.06630504,0.00047258,0,0.000595862,2.05E-05,0.063510654,2.05E-05,0.063305184,0.002219072,0,0,0,0,0,0.000226017,0,0,15,107,38,1.83,34.22,165,1.46,1.76,0.11,7.5,122.35
63,HOUJ,HF,Week2,0.000795967,0,0,0.245968574,0,1.47E-05,0.000117921,0,0.001415053,0,0,7.37E-05,0.003743993,0.028271572,0.000103181,0,0.000235842,0.012632293,0.000530645,0,0,0.001046549,0,0.006058194,0.323457445,0,0.000235842,0,0,0.000117921,0,0.005291707,1.47E-05,0.000795967,0.003154388,0.014740131,0.000928628,0.04370449,0.066979157,0.000751747,0,0.001532974,8.84E-05,0,0.00110551,0.232466614,0.003596592,0,0,0,0,0,2.95E-05,0,0,10,116,41,0.84,31.04,141,1.18,1.4,0.08,8.2,108.76
63,HOUJ,HF,Week4,0.000109893,0,0,0.047611198,0,0.000109893,0,0,0.004313305,8.24E-05,5.49E-05,0.000824198,0.002087969,0.017802687,0,0,2.75E-05,0.014341053,0.000824198,0,0,0.000631885,0,0.006813374,0.401549493,0,0.000109893,0,2.75E-05,2.75E-05,0,0.004697931,0,0.003379214,0.000824198,0.005384763,0.000302206,0.012033298,0.031264595,0.000851672,0,0.000192313,0.000219786,0.341383005,0,0.100085167,0.001978076,0,0,0,0,5.49E-05,0,0,0,10,116,41,0.84,31.04,141,1.18,1.4,0.08,8.2,108.76
7,AJ,NF,Week0,0.000129588,0.000340169,0,0.209641365,0,0,0,0,0,0,0,0,0.185343571,0,0,0,0.001992419,0.003839051,6.48E-05,0.109307675,0,0.002802346,9.72E-05,0.004665176,0.357857907,0,3.24E-05,0,1.62E-05,1.62E-05,0,0.000809926,0,1.62E-05,0.00043736,0.014789257,0,0.024459779,0.046522176,0.000842324,0,0.002235397,0.000874721,3.24E-05,0,0.000275375,0.000583147,0,0,0,0,0,0.017267632,0.014708264,0,13,33,43,0.3,21.15,163,0.46,0.8,0.11,1.5,63.43
7,AJ,NF,Week2,0.000331675,0,0,0.761842959,0,0,0,0,0.000129786,0,0,0,2.88E-05,0.005003966,2.88E-05,0,0,0.005003966,8.65E-05,0.005076069,0,0.002610138,0.00023073,0.004008941,0.140183142,0,0.000576826,0,1.44E-05,0.000360516,0,0.010555916,0,0,0.000692191,0.004383878,0.000605667,0.021126253,0.030946716,0.000288413,0,0,0.000922922,0,0,0.004412719,0.000158627,0,0,2.88E-05,0,0,0,0.000346096,1.44E-05,13,33,43,0.3,21.15,163,0.46,0.8,0.11,1.5,63.43
7,AJ,NF,Week4,0.000470954,0,0,0.577586962,0,0,5.48E-05,0,0.000438097,0,2.19E-05,0,0,0.02445676,4.38E-05,0,0,0.010612898,0.000131429,0.011532901,0,0.003077631,0.000142381,0.006231929,0.234863752,0,0.000930956,1.10E-05,2.19E-05,0.000131429,0,0.015431964,0,0,0.000854289,0.013197669,5.48E-05,0.044346359,0.038760624,0.000492859,0,0.00072286,0.00325287,2.19E-05,0,0.011182424,6.57E-05,0,0,0.000230001,4.38E-05,0,0,0.000580478,0,13,33,43,0.3,21.15,163,0.46,0.8,0.11,1.5,63.43
8,AJ,NF,Week0,0.000182876,0.000315877,0,0.299800499,0,0,0,0,1.66E-05,0,0,0,0.067381546,0,0,1.66E-05,0.000482128,0.004522028,0.000465503,0.076492103,0,0.001280133,0.000116376,0.006334165,0.318021613,0,4.99E-05,0,0,3.33E-05,0,0.001163757,0,0,0.000798005,0.016608479,6.65E-05,0.033499584,0.0600665,0.001396509,0,0.002011638,0.000914381,0,0,0.000465503,0.00166251,0,0,0,0,0,0.038653367,0.067182045,0,8,34,34,0.31,20.06,104,0.35,0.74,0.11,2.4,61.47
8,AJ,NF,Week2,0.000624092,0,3.45E-05,0.345036741,0,8.63E-06,0.000224328,0,9.78E-05,0,0,1.73E-05,0.00031636,0.114237644,0.000641348,0,1.73E-05,0.010028616,0.000135172,0.000155304,0,0.003917114,9.49E-05,0.026994147,0.255075423,0,0.001777369,0,3.16E-05,0.000109288,0,0.062064106,8.63E-06,2.88E-06,0.00103536,0.001420745,0.00116478,0.031661897,0.053712199,0.00017256,0,0.009735264,0.0094793,4.31E-05,0,0.065339871,0.004383026,0,5.75E-06,0.00011504,2.88E-06,0,4.03E-05,2.30E-05,1.44E-05,8,34,34,0.31,20.06,104,0.35,0.74,0.11,2.4,61.47
9,AJ,HF,Cecum,0.000445337,0,0,0.459970467,0,1.56E-05,0,0,3.91E-05,0,7.81E-06,0,0.00242982,0.003195487,7.81E-06,0,0,0.012289735,0.000414085,0.011531881,0,0.000179697,4.69E-05,0.010164618,0.400225012,0,7.81E-06,7.81E-06,1.56E-05,3.13E-05,0,0.002289188,0,0,0.000851609,0.000937551,0.000226575,0.033673717,0.057479706,0.000648473,0,0.000195323,5.47E-05,1.56E-05,0,0.002312626,0.000148446,0,0,8.59E-05,2.34E-05,1.56E-05,0,1.56E-05,0,9,50,43,0.41,21.4,120,0.53,1.02,NA,4.47,69.8
9,AJ,HF,Week0,0.00053978,0.000404835,0,0.379407399,0,0,9.64E-05,0,0,0,0,3.86E-05,0.253002525,0,0,0,7.71E-05,0.001368727,1.93E-05,0.031808455,0,0.000481946,0.000173501,0.001677173,0.18009369,0,0,0,0,0.000192779,0,0.000289168,0,0,0.000308446,0.002159119,7.71E-05,0.008443699,0.019894743,0.005243576,0,0.000424113,0,1.93E-05,0,0.01121971,0.001330172,0,0,0,0,0,0.101035221,0.000173501,0,9,50,43,0.41,21.4,120,0.53,1.02,NA,4.47,69.8
9,AJ,HF,Week2,0.000599117,0,0,0.444755098,0,0,0,0,0.000262771,0,0,8.41E-05,0.163590498,0.008766029,3.15E-05,0,0,0.008345596,0.000210217,0.00037839,0,0.001513559,7.36E-05,0.004635274,0.19974774,0,0.000147152,0,0,4.20E-05,0,0.003373975,0,0,0.000220727,0.000651671,0.000367879,0.029272651,0.048833298,0.000115619,0,0.000588606,0.003331932,0,0,0.073270969,0.006768972,0,0,2.10E-05,0,0,0,0,0,9,50,43,0.41,21.4,120,0.53,1.02,NA,4.47,69.8
9,AJ,HF,Week4,0.000363554,0,0,0.392865258,0,0,0,0,6.82E-05,0,0,0,0.005135197,0.020881618,4.54E-05,0,0,0.011679164,0.000159055,0.006180414,0,0.000295387,0.000272665,0.01013406,0.406862077,0,0.000159055,0.000227221,2.27E-05,9.09E-05,0,0.003590093,0,0,0.000568053,0.001272438,0.000454442,0.04730743,0.069234265,0.00074983,0,0.000681663,0.000477164,0,0,0.019768234,0.000363554,0,0,6.82E-05,0,0,0,0,2.27E-05,9,50,43,0.41,21.4,120,0.53,1.02,NA,4.47,69.8
